sample_name	metab-sample-id	age_units	anonymized_name	cage_food_consumption_g	cage_location	cage_notes	cage_number	collection_timestamp	description	diet	dob	elevation	empo_1	empo_2	empo_3	env_biome	env_feature	env_material	env_package	experiment_duration	exposure_start	exposure_type	general_notes	genotype	geo_loc_name	host_age	host_body_habitat	host_body_product	host_body_site	host_life_stage	host_scientific_name	host_subject_id	host_taxid	host_weight	latitude	longitude	mouse_notes	mouse_number	physical_specimen_location	qiita_study_id	sample_type	scientific_name	sex	taxon_id	title	weight_units	age_bin	age_match
11829.A41.166.21	A41_166_21	weeks	A41.166.21	46.9	In chamber		A41	6/12/18 11:00	Mouse 166 stool collection 21 of 21	HFD	1/22/18	193.0	Host-associated	Animal-associated	Animal distal gut	urban biome	animal-associated habitat	feces	host-associated	10 weeks	4/3/18	IC		ApoE KO	USA:CA:San Diego	20.0	UBERON:feces	UBERON:feces	UBERON:feces	Adult	Mus musculus	Mouse 166	10090.0	29.7	32.842	-117.258		Mouse 166	UCSDMI	11829.0	stool	mouse gut metagenome	male	410661.0	10 week IH and IC	g	20.0	20.0
11829.A41.163.2	A41_163_2	weeks	A41.163.2	41.8	In chamber		A41	4/6/18 11:00	Mouse 163 stool collection 2 of 21	HFD	1/22/18	193.0	Host-associated	Animal-associated	Animal distal gut	urban biome	animal-associated habitat	feces	host-associated	10 weeks	4/3/18	IC		ApoE KO	USA:CA:San Diego	10.5	UBERON:feces	UBERON:feces	UBERON:feces	Adult	Mus musculus	Mouse 163	10090.0	24.5	32.842	-117.258		Mouse 163	UCSDMI	11829.0	stool	mouse gut metagenome	male	410661.0	10 week IH and IC	g	12.0	10.5
11829.A35.142.21	A35_142_21	weeks	A35.142.21	54.5	On shelf		A35	6/12/18 12:00	Mouse 142 stool collection 21 of 21	Regular chow	1/22/18	193.0	Host-associated	Animal-associated	Animal distal gut	urban biome	animal-associated habitat	feces	host-associated	10 weeks	4/3/18	Air		ApoE KO	USA:CA:San Diego	20.0	UBERON:feces	UBERON:feces	UBERON:feces	Adult	Mus musculus	Mouse 142	10090.0	31	32.842	-117.258		Mouse 142	UCSDMI	11829.0	stool	mouse gut metagenome	male	410661.0	10 week IH and IC	g	20.0	20.0
11829.A37.149.11	A37_149_11	weeks	A37.149.11	49.8	In chamber		A37	5/8/18 10:00	Mouse 149 stool collection 11 of 21	HFD	1/22/18	193.0	Host-associated	Animal-associated	Animal distal gut	urban biome	animal-associated habitat	feces	host-associated	10 weeks	4/3/18	IH		ApoE KO	USA:CA:San Diego	15.0	UBERON:feces	UBERON:feces	UBERON:feces	Adult	Mus musculus	Mouse 149	10090.0	26.4	32.842	-117.258		Mouse 149	UCSDMI	11829.0	stool	mouse gut metagenome	male	410661.0	10 week IH and IC	g	16.0	15.0
11829.A41.165.2	A41_165_2	weeks	A41.165.2	41.8	In chamber		A41	4/6/18 11:00	Mouse 165 stool collection 2 of 21	HFD	1/22/18	193.0	Host-associated	Animal-associated	Animal distal gut	urban biome	animal-associated habitat	feces	host-associated	10 weeks	4/3/18	IC		ApoE KO	USA:CA:San Diego	10.5	UBERON:feces	UBERON:feces	UBERON:feces	Adult	Mus musculus	Mouse 165	10090.0	28.5	32.842	-117.258		Mouse 165	UCSDMI	11829.0	stool	mouse gut metagenome	male	410661.0	10 week IH and IC	g	12.0	10.5
11829.A35.139.21	A35_139_21	weeks	A35.139.21	54.5	On shelf		A35	6/12/18 12:00	Mouse 139 stool collection 21 of 21	Regular chow	1/22/18	193.0	Host-associated	Animal-associated	Animal distal gut	urban biome	animal-associated habitat	feces	host-associated	10 weeks	4/3/18	Air		ApoE KO	USA:CA:San Diego	20.0	UBERON:feces	UBERON:feces	UBERON:feces	Adult	Mus musculus	Mouse 139	10090.0	30.7	32.842	-117.258		Mouse 139	UCSDMI	11829.0	stool	mouse gut metagenome	male	410661.0	10 week IH and IC	g	20.0	20.0
11829.A36.144.2	A36_144_2	weeks	A36.144.2	34.4	In chamber		A36	4/6/18 10:00	Mouse 144 stool collection 2 of 21	HFD	1/22/18	193.0	Host-associated	Animal-associated	Animal distal gut	urban biome	animal-associated habitat	feces	host-associated	10 weeks	4/3/18	IH		ApoE KO	USA:CA:San Diego	10.5	UBERON:feces	UBERON:feces	UBERON:feces	Adult	Mus musculus	Mouse 144	10090.0	25	32.842	-117.258		Mouse 144	UCSDMI	11829.0	stool	mouse gut metagenome	male	410661.0	10 week IH and IC	g	12.0	10.5
11829.A43.171.21	A43_171_21	weeks	A43.171.21	47.3	In chamber		A43	6/12/18 11:00	Mouse 171 stool collection 21 of 21	HFD	1/22/18	193.0	Host-associated	Animal-associated	Animal distal gut	urban biome	animal-associated habitat	feces	host-associated	10 weeks	4/3/18	IC		ApoE KO	USA:CA:San Diego	20.0	UBERON:feces	UBERON:feces	UBERON:feces	Adult	Mus musculus	Mouse 171	10090.0	35.6	32.842	-117.258		Mouse 171	UCSDMI	11829.0	stool	mouse gut metagenome	male	410661.0	10 week IH and IC	g	20.0	20.0
11829.A45.180.2	A45_180_2	weeks	A45.180.2	44.2	On shelf		A45	4/6/18 11:30	Mouse 180 stool collection 2 of 21	HFD	1/22/18	193.0	Host-associated	Animal-associated	Animal distal gut	urban biome	animal-associated habitat	feces	host-associated	10 weeks	4/3/08	Air		ApoE KO	USA:CA:San Diego	10.5	UBERON:feces	UBERON:feces	UBERON:feces	Adult	Mus musculus	Mouse 180	10090.0	28.1	32.842	-117.258		Mouse 180	UCSDMI	11829.0	stool	mouse gut metagenome	male	410661.0	10 week IH and IC	g	12.0	10.5
11829.A34.138.1	A34_138_1	weeks	A34.138.1	Not applicable	On shelf		A34	4/3/18 12:00	Mouse 138 baseline stool collection 1 of 21	Regular chow	1/22/18	193.0	Host-associated	Animal-associated	Animal distal gut	urban biome	animal-associated habitat	feces	host-associated	10 weeks	4/3/18	Air		ApoE KO	USA:CA:San Diego	10.0	UBERON:feces	UBERON:feces	UBERON:feces	Adult	Mus musculus	Mouse 138	10090.0	25.2	32.842	-117.258	Has severe wounds on back and tail	Mouse 138	UCSDMI	11829.0	stool	mouse gut metagenome	male	410661.0	10 week IH and IC	g	12.0	10.0
11829.A38.154.11	A38_154_11	weeks	A38.154.11	47.6	In chamber		A38	5/8/18 10:00	Mouse 154 stool collection 11 of 21	HFD	1/22/18	193.0	Host-associated	Animal-associated	Animal distal gut	urban biome	animal-associated habitat	feces	host-associated	10 weeks	4/3/18	IH		ApoE KO	USA:CA:San Diego	15.0	UBERON:feces	UBERON:feces	UBERON:feces	Adult	Mus musculus	Mouse 154	10090.0	28.6	32.842	-117.258		Mouse 154	UCSDMI	11829.0	stool	mouse gut metagenome	male	410661.0	10 week IH and IC	g	16.0	15.0
11829.A36.143.11	A36_143_11	weeks	A36.143.11	42.7	In chamber		A36	5/8/18 10:00	Mouse 143 stool collection 11 of 21	HFD	1/22/18	193.0	Host-associated	Animal-associated	Animal distal gut	urban biome	animal-associated habitat	feces	host-associated	10 weeks	4/3/18	IH		ApoE KO	USA:CA:San Diego	15.0	UBERON:feces	UBERON:feces	UBERON:feces	Adult	Mus musculus	Mouse 143	10090.0	29.3	32.842	-117.258		Mouse 143	UCSDMI	11829.0	stool	mouse gut metagenome	male	410661.0	10 week IH and IC	g	16.0	15.0
11829.A39.156.21	A39_156_21	weeks	A39.156.21	57.1	In chamber		A39	6/12/18 10:00	Mouse 156 stool collection 21 of 21	HFD	1/22/18	193.0	Host-associated	Animal-associated	Animal distal gut	urban biome	animal-associated habitat	feces	host-associated	10 weeks	4/3/18	IH		ApoE KO	USA:CA:San Diego	20.0	UBERON:feces	UBERON:feces	UBERON:feces	Adult	Mus musculus	Mouse 156	10090.0	30	32.842	-117.258		Mouse 156	UCSDMI	11829.0	stool	mouse gut metagenome	male	410661.0	10 week IH and IC	g	20.0	20.0
11829.A45.182.1	A45_182_1	weeks	A45.182.1	Not applicable	On shelf		A45	4/3/18 11:30	Mouse 182 baseline stool collection 1 of 21	HFD	1/22/18	193.0	Host-associated	Animal-associated	Animal distal gut	urban biome	animal-associated habitat	feces	host-associated	10 weeks	4/3/08	Air		ApoE KO	USA:CA:San Diego	10.0	UBERON:feces	UBERON:feces	UBERON:feces	Adult	Mus musculus	Mouse 182	10090.0	27.2	32.842	-117.258		Mouse 182	UCSDMI	11829.0	stool	mouse gut metagenome	male	410661.0	10 week IH and IC	g	12.0	10.0
11829.A37.150.2	A37_150_2	weeks	A37.150.2	36.5	In chamber		A37	4/6/18 10:00	Mouse 150 stool collection 2 of 21	HFD	1/22/18	193.0	Host-associated	Animal-associated	Animal distal gut	urban biome	animal-associated habitat	feces	host-associated	10 weeks	4/3/18	IH		ApoE KO	USA:CA:San Diego	10.5	UBERON:feces	UBERON:feces	UBERON:feces	Adult	Mus musculus	Mouse 150	10090.0	26.3	32.842	-117.258		Mouse 150	UCSDMI	11829.0	stool	mouse gut metagenome	male	410661.0	10 week IH and IC	g	12.0	10.5
11829.A41.165.11	A41_165_11	weeks	A41.165.11	44.4	In chamber		A41	5/8/18 11:00	Mouse 165 stool collection 11 of 21	HFD	1/22/18	193.0	Host-associated	Animal-associated	Animal distal gut	urban biome	animal-associated habitat	feces	host-associated	10 weeks	4/3/18	IC		ApoE KO	USA:CA:San Diego	15.0	UBERON:feces	UBERON:feces	UBERON:feces	Adult	Mus musculus	Mouse 165	10090.0	32.5	32.842	-117.258		Mouse 165	UCSDMI	11829.0	stool	mouse gut metagenome	male	410661.0	10 week IH and IC	g	16.0	15.0
11829.A35.140.11	A35_140_11	weeks	A35.140.11	53.5	On shelf		A35	5/8/18 12:00	Mouse 140 stool collection 11 of 21	Regular chow	1/22/18	193.0	Host-associated	Animal-associated	Animal distal gut	urban biome	animal-associated habitat	feces	host-associated	10 weeks	4/3/18	Air		ApoE KO	USA:CA:San Diego	15.0	UBERON:feces	UBERON:feces	UBERON:feces	Adult	Mus musculus	Mouse 140	10090.0	27.3	32.842	-117.258		Mouse 140	UCSDMI	11829.0	stool	mouse gut metagenome	male	410661.0	10 week IH and IC	g	16.0	15.0
11829.A34.138.2	A34_138_2	weeks	A34.138.2	58.7	On shelf		A34	4/6/18 12:00	Mouse 138 stool collection 2 of 21	Regular chow	1/22/18	193.0	Host-associated	Animal-associated	Animal distal gut	urban biome	animal-associated habitat	feces	host-associated	10 weeks	4/3/18	Air		ApoE KO	USA:CA:San Diego	10.5	UBERON:feces	UBERON:feces	UBERON:feces	Adult	Mus musculus	Mouse 138	10090.0	26.2	32.842	-117.258		Mouse 138	UCSDMI	11829.0	stool	mouse gut metagenome	male	410661.0	10 week IH and IC	g	12.0	10.5
11829.A35.142.1	A35_142_1	weeks	A35.142.1	Not applicable	On shelf		A35	4/3/18 12:00	Mouse 142 baseline stool collection 1 of 21	Regular chow	1/22/18	193.0	Host-associated	Animal-associated	Animal distal gut	urban biome	animal-associated habitat	feces	host-associated	10 weeks	4/3/18	Air		ApoE KO	USA:CA:San Diego	10.0	UBERON:feces	UBERON:feces	UBERON:feces	Adult	Mus musculus	Mouse 142	10090.0	25.9	32.842	-117.258		Mouse 142	UCSDMI	11829.0	stool	mouse gut metagenome	male	410661.0	10 week IH and IC	g	12.0	10.0
11829.A43.174.11	A43_174_11	weeks	A43.174.11	44.5	In chamber		A43	5/8/18 11:00	Mouse 174 stool collection 11 of 21	HFD	1/22/18	193.0	Host-associated	Animal-associated	Animal distal gut	urban biome	animal-associated habitat	feces	host-associated	10 weeks	4/3/18	IC		ApoE KO	USA:CA:San Diego	15.0	UBERON:feces	UBERON:feces	UBERON:feces	Adult	Mus musculus	Mouse 174	10090.0	29.3	32.842	-117.258		Mouse 174	UCSDMI	11829.0	stool	mouse gut metagenome	male	410661.0	10 week IH and IC	g	16.0	15.0
11829.A41.166.11	A41_166_11	weeks	A41.166.11	44.4	In chamber		A41	5/8/18 11:00	Mouse 166 stool collection 11 of 21	HFD	1/22/18	193.0	Host-associated	Animal-associated	Animal distal gut	urban biome	animal-associated habitat	feces	host-associated	10 weeks	4/3/18	IC		ApoE KO	USA:CA:San Diego	15.0	UBERON:feces	UBERON:feces	UBERON:feces	Adult	Mus musculus	Mouse 166	10090.0	27.2	32.842	-117.258		Mouse 166	UCSDMI	11829.0	stool	mouse gut metagenome	male	410661.0	10 week IH and IC	g	16.0	15.0
11829.A37.147.11	A37_147_11	weeks	A37.147.11	49.8	In chamber		A37	5/8/18 10:00	Mouse 147 stool collection 11 of 21	HFD	1/22/18	193.0	Host-associated	Animal-associated	Animal distal gut	urban biome	animal-associated habitat	feces	host-associated	10 weeks	4/3/18	IH		ApoE KO	USA:CA:San Diego	15.0	UBERON:feces	UBERON:feces	UBERON:feces	Adult	Mus musculus	Mouse 147	10090.0	28.7	32.842	-117.258		Mouse 147	UCSDMI	11829.0	stool	mouse gut metagenome	male	410661.0	10 week IH and IC	g	16.0	15.0
11829.A41.164.1	A41_164_1	weeks	A41.164.1	Not applicable	In chamber		A41	4/3/18 11:00	Mouse 164 baseline stool collection 1 of 21	HFD	1/22/18	193.0	Host-associated	Animal-associated	Animal distal gut	urban biome	animal-associated habitat	feces	host-associated	10 weeks	4/3/18	IC		ApoE KO	USA:CA:San Diego	10.0	UBERON:feces	UBERON:feces	UBERON:feces	Adult	Mus musculus	Mouse 164	10090.0	26.7	32.842	-117.258		Mouse 164	UCSDMI	11829.0	stool	mouse gut metagenome	male	410661.0	10 week IH and IC	g	12.0	10.0
11829.A39.155.1	A39_155_1	weeks	A39.155.1	Not applicable	In chamber		A39	4/3/18 10:00	Mouse 155 baseline stool collection 1 of 21	HFD	1/22/18	193.0	Host-associated	Animal-associated	Animal distal gut	urban biome	animal-associated habitat	feces	host-associated	10 weeks	4/3/18	IH		ApoE KO	USA:CA:San Diego	10.0	UBERON:feces	UBERON:feces	UBERON:feces	Adult	Mus musculus	Mouse 155	10090.0	26.2	32.842	-117.258		Mouse 155	UCSDMI	11829.0	stool	mouse gut metagenome	male	410661.0	10 week IH and IC	g	12.0	10.0
11829.A38.152.2	A38_152_2	weeks	A38.152.2	36.5	In chamber		A38	4/6/18 10:00	Mouse 152 stool collection 2 of 21	HFD	1/22/18	193.0	Host-associated	Animal-associated	Animal distal gut	urban biome	animal-associated habitat	feces	host-associated	10 weeks	4/3/18	IH		ApoE KO	USA:CA:San Diego	10.5	UBERON:feces	UBERON:feces	UBERON:feces	Adult	Mus musculus	Mouse 152	10090.0	29	32.842	-117.258		Mouse 152	UCSDMI	11829.0	stool	mouse gut metagenome	male	410661.0	10 week IH and IC	g	12.0	10.5
11829.A37.147.1	A37_147_1	weeks	A37.147.1	Not applicable	In chamber		A37	4/3/18 10:00	Mouse 147 baseline stool collection 1 of 21	HFD	1/22/18	193.0	Host-associated	Animal-associated	Animal distal gut	urban biome	animal-associated habitat	feces	host-associated	10 weeks	4/3/18	IH		ApoE KO	USA:CA:San Diego	10.0	UBERON:feces	UBERON:feces	UBERON:feces	Adult	Mus musculus	Mouse 147	10090.0	26.2	32.842	-117.258		Mouse 147	UCSDMI	11829.0	stool	mouse gut metagenome	male	410661.0	10 week IH and IC	g	12.0	10.0
11829.A45.182.21	A45_182_21	weeks	A45.182.21	52.9	On shelf		A45	6/12/18 11:30	Mouse 182 stool collection 21 of 21	HFD	1/22/18	193.0	Host-associated	Animal-associated	Animal distal gut	urban biome	animal-associated habitat	feces	host-associated	10 weeks	4/3/08	Air		ApoE KO	USA:CA:San Diego	20.0	UBERON:feces	UBERON:feces	UBERON:feces	Adult	Mus musculus	Mouse 182	10090.0	39.9	32.842	-117.258		Mouse 182	UCSDMI	11829.0	stool	mouse gut metagenome	male	410661.0	10 week IH and IC	g	20.0	20.0
11829.A44.177.21	A44_177_21	weeks	A44.177.21	24.4	On shelf		A44	6/12/18 11:30	Mouse 177 stool collection 21 of 21	HFD	1/22/18	193.0	Host-associated	Animal-associated	Animal distal gut	urban biome	animal-associated habitat	feces	host-associated	10 weeks	4/3/08	Air		ApoE KO	USA:CA:San Diego	20.0	UBERON:feces	UBERON:feces	UBERON:feces	Adult	Mus musculus	Mouse 177	10090.0	32.3	32.842	-117.258		Mouse 177	UCSDMI	11829.0	stool	mouse gut metagenome	male	410661.0	10 week IH and IC	g	20.0	20.0
11829.A42.168.21	A42_168_21	weeks	A42.168.21	50.9	In chamber		A42	6/12/18 11:00	Mouse 168 stool collection 21 of 21	HFD	1/22/18	193.0	Host-associated	Animal-associated	Animal distal gut	urban biome	animal-associated habitat	feces	host-associated	10 weeks	4/3/18	IC		ApoE KO	USA:CA:San Diego	20.0	UBERON:feces	UBERON:feces	UBERON:feces	Adult	Mus musculus	Mouse 168	10090.0	38	32.842	-117.258		Mouse 168	UCSDMI	11829.0	stool	mouse gut metagenome	male	410661.0	10 week IH and IC	g	20.0	20.0
11829.A34.135.1	A34_135_1	weeks	A34.135.1	Not applicable	On shelf		A34	4/3/18 12:00	Mouse 135 baseline stool collection 1 of 21	Regular chow	1/22/18	193.0	Host-associated	Animal-associated	Animal distal gut	urban biome	animal-associated habitat	feces	host-associated	10 weeks	4/3/18	Air		ApoE KO	USA:CA:San Diego	10.0	UBERON:feces	UBERON:feces	UBERON:feces	Adult	Mus musculus	Mouse 135	10090.0	30.3	32.842	-117.258		Mouse 135	UCSDMI	11829.0	stool	mouse gut metagenome	male	410661.0	10 week IH and IC	g	12.0	10.0
11829.A38.154.21	A38_154_21	weeks	A38.154.21	48.3	In chamber		A38	6/12/18 10:00	Mouse 154 stool collection 21 of 21	HFD	1/22/18	193.0	Host-associated	Animal-associated	Animal distal gut	urban biome	animal-associated habitat	feces	host-associated	10 weeks	4/3/18	IH		ApoE KO	USA:CA:San Diego	20.0	UBERON:feces	UBERON:feces	UBERON:feces	Adult	Mus musculus	Mouse 154	10090.0	31.4	32.842	-117.258		Mouse 154	UCSDMI	11829.0	stool	mouse gut metagenome	male	410661.0	10 week IH and IC	g	20.0	20.0
11829.A45.181.11	A45_181_11	weeks	A45.181.11	49.4	On shelf		A45	5/8/18 11:30	Mouse 181 stool collection 11 of 21	HFD	1/22/18	193.0	Host-associated	Animal-associated	Animal distal gut	urban biome	animal-associated habitat	feces	host-associated	10 weeks	4/3/08	Air		ApoE KO	USA:CA:San Diego	15.0	UBERON:feces	UBERON:feces	UBERON:feces	Adult	Mus musculus	Mouse 181	10090.0	29.5	32.842	-117.258		Mouse 181	UCSDMI	11829.0	stool	mouse gut metagenome	male	410661.0	10 week IH and IC	g	16.0	15.0
11829.A38.151.11	A38_151_11	weeks	A38.151.11	47.6	In chamber		A38	5/8/18 10:00	Mouse 151 stool collection 11 of 21	HFD	1/22/18	193.0	Host-associated	Animal-associated	Animal distal gut	urban biome	animal-associated habitat	feces	host-associated	10 weeks	4/3/18	IH		ApoE KO	USA:CA:San Diego	15.0	UBERON:feces	UBERON:feces	UBERON:feces	Adult	Mus musculus	Mouse 151	10090.0	28.5	32.842	-117.258		Mouse 151	UCSDMI	11829.0	stool	mouse gut metagenome	male	410661.0	10 week IH and IC	g	16.0	15.0
11829.A38.151.1	A38_151_1	weeks	A38.151.1	Not applicable	In chamber		A38	4/3/18 10:00	Mouse 151 baseline stool collection 1 of 21	HFD	1/22/18	193.0	Host-associated	Animal-associated	Animal distal gut	urban biome	animal-associated habitat	feces	host-associated	10 weeks	4/3/18	IH		ApoE KO	USA:CA:San Diego	10.0	UBERON:feces	UBERON:feces	UBERON:feces	Adult	Mus musculus	Mouse 151	10090.0	27.7	32.842	-117.258		Mouse 151	UCSDMI	11829.0	stool	mouse gut metagenome	male	410661.0	10 week IH and IC	g	12.0	10.0
11829.A39.157.21	A39_157_21	weeks	A39.157.21	57.1	In chamber		A39	6/12/18 10:00	Mouse 157 stool collection 21 of 21	HFD	1/22/18	193.0	Host-associated	Animal-associated	Animal distal gut	urban biome	animal-associated habitat	feces	host-associated	10 weeks	4/3/18	IH		ApoE KO	USA:CA:San Diego	20.0	UBERON:feces	UBERON:feces	UBERON:feces	Adult	Mus musculus	Mouse 157	10090.0	30.7	32.842	-117.258		Mouse 157	UCSDMI	11829.0	stool	mouse gut metagenome	male	410661.0	10 week IH and IC	g	20.0	20.0
11829.A39.155.21	A39_155_21	weeks	A39.155.21	57.1	In chamber		A39	6/12/18 10:00	Mouse 155 stool collection 21 of 21	HFD	1/22/18	193.0	Host-associated	Animal-associated	Animal distal gut	urban biome	animal-associated habitat	feces	host-associated	10 weeks	4/3/18	IH		ApoE KO	USA:CA:San Diego	20.0	UBERON:feces	UBERON:feces	UBERON:feces	Adult	Mus musculus	Mouse 155	10090.0	30.9	32.842	-117.258		Mouse 155	UCSDMI	11829.0	stool	mouse gut metagenome	male	410661.0	10 week IH and IC	g	20.0	20.0
11829.A40.160.11	A40_160_11	weeks	A40.160.11	47.4	In chamber		A40	5/8/18 11:00	Mouse 160 stool collection 11 of 21	HFD	1/22/18	193.0	Host-associated	Animal-associated	Animal distal gut	urban biome	animal-associated habitat	feces	host-associated	10 weeks	4/3/18	IC		ApoE KO	USA:CA:San Diego	15.0	UBERON:feces	UBERON:feces	UBERON:feces	Adult	Mus musculus	Mouse 160	10090.0	27.2	32.842	-117.258		Mouse 160	UCSDMI	11829.0	stool	mouse gut metagenome	male	410661.0	10 week IH and IC	g	16.0	15.0
11829.A44.177.11	A44_177_11	weeks	A44.177.11	40.8	On shelf		A44	5/8/18 11:30	Mouse 177 stool collection 11 of 21	HFD	1/22/18	193.0	Host-associated	Animal-associated	Animal distal gut	urban biome	animal-associated habitat	feces	host-associated	10 weeks	4/3/08	Air		ApoE KO	USA:CA:San Diego	15.0	UBERON:feces	UBERON:feces	UBERON:feces	Adult	Mus musculus	Mouse 177	10090.0	29.1	32.842	-117.258		Mouse 177	UCSDMI	11829.0	stool	mouse gut metagenome	male	410661.0	10 week IH and IC	g	16.0	15.0
11829.A40.162.11	A40_162_11	weeks	A40.162.11	47.4	In chamber		A40	5/8/18 11:00	Mouse 162 stool collection 11 of 21	HFD	1/22/18	193.0	Host-associated	Animal-associated	Animal distal gut	urban biome	animal-associated habitat	feces	host-associated	10 weeks	4/3/18	IC		ApoE KO	USA:CA:San Diego	15.0	UBERON:feces	UBERON:feces	UBERON:feces	Adult	Mus musculus	Mouse 162	10090.0	34.2	32.842	-117.258		Mouse 162	UCSDMI	11829.0	stool	mouse gut metagenome	male	410661.0	10 week IH and IC	g	16.0	15.0
11829.A41.166.2	A41_166_2	weeks	A41.166.2	41.8	In chamber		A41	4/6/18 11:00	Mouse 166 stool collection 2 of 21	HFD	1/22/18	193.0	Host-associated	Animal-associated	Animal distal gut	urban biome	animal-associated habitat	feces	host-associated	10 weeks	4/3/18	IC		ApoE KO	USA:CA:San Diego	10.5	UBERON:feces	UBERON:feces	UBERON:feces	Adult	Mus musculus	Mouse 166	10090.0	25.7	32.842	-117.258		Mouse 166	UCSDMI	11829.0	stool	mouse gut metagenome	male	410661.0	10 week IH and IC	g	12.0	10.5
11829.A37.148.2	A37_148_2	weeks	A37.148.2	36.5	In chamber		A37	4/6/18 10:00	Mouse 148 stool collection 2 of 21	HFD	1/22/18	193.0	Host-associated	Animal-associated	Animal distal gut	urban biome	animal-associated habitat	feces	host-associated	10 weeks	4/3/18	IH		ApoE KO	USA:CA:San Diego	10.5	UBERON:feces	UBERON:feces	UBERON:feces	Adult	Mus musculus	Mouse 148	10090.0	26.6	32.842	-117.258		Mouse 148	UCSDMI	11829.0	stool	mouse gut metagenome	male	410661.0	10 week IH and IC	g	12.0	10.5
11829.A37.150.1	A37_150_1	weeks	A37.150.1	Not applicable	In chamber		A37	4/3/18 10:00	Mouse 150 baseline stool collection 1 of 21	HFD	1/22/18	193.0	Host-associated	Animal-associated	Animal distal gut	urban biome	animal-associated habitat	feces	host-associated	10 weeks	4/3/18	IH		ApoE KO	USA:CA:San Diego	10.0	UBERON:feces	UBERON:feces	UBERON:feces	Adult	Mus musculus	Mouse 150	10090.0	27	32.842	-117.258		Mouse 150	UCSDMI	11829.0	stool	mouse gut metagenome	male	410661.0	10 week IH and IC	g	12.0	10.0
11829.A42.167.21	A42_167_21	weeks	A42.167.21	50.9	In chamber		A42	6/12/18 11:00	Mouse 167 stool collection 21 of 21	HFD	1/22/18	193.0	Host-associated	Animal-associated	Animal distal gut	urban biome	animal-associated habitat	feces	host-associated	10 weeks	4/3/18	IC		ApoE KO	USA:CA:San Diego	20.0	UBERON:feces	UBERON:feces	UBERON:feces	Adult	Mus musculus	Mouse 167	10090.0	32.3	32.842	-117.258		Mouse 167	UCSDMI	11829.0	stool	mouse gut metagenome	male	410661.0	10 week IH and IC	g	20.0	20.0
11829.A43.173.1	A43_173_1	weeks	A43.173.1	Not applicable	In chamber		A43	4/3/18 11:00	Mouse 173 baseline stool collection 1 of 21	HFD	1/22/18	193.0	Host-associated	Animal-associated	Animal distal gut	urban biome	animal-associated habitat	feces	host-associated	10 weeks	4/3/18	IC		ApoE KO	USA:CA:San Diego	10.0	UBERON:feces	UBERON:feces	UBERON:feces	Adult	Mus musculus	Mouse 173	10090.0	26.5	32.842	-117.258		Mouse 173	UCSDMI	11829.0	stool	mouse gut metagenome	male	410661.0	10 week IH and IC	g	12.0	10.0
11829.A40.160.2	A40_160_2	weeks	A40.160.2	44.8	In chamber		A40	4/6/18 11:00	Mouse 160 stool collection 2 of 21	HFD	1/22/18	193.0	Host-associated	Animal-associated	Animal distal gut	urban biome	animal-associated habitat	feces	host-associated	10 weeks	4/3/18	IC		ApoE KO	USA:CA:San Diego	10.5	UBERON:feces	UBERON:feces	UBERON:feces	Adult	Mus musculus	Mouse 160	10090.0	26	32.842	-117.258		Mouse 160	UCSDMI	11829.0	stool	mouse gut metagenome	male	410661.0	10 week IH and IC	g	12.0	10.5
11829.A40.161.1	A40_161_1	weeks	A40.161.1	Not applicable	In chamber		A40	4/3/18 11:00	Mouse 161 baseline stool collection 1 of 21	HFD	1/22/18	193.0	Host-associated	Animal-associated	Animal distal gut	urban biome	animal-associated habitat	feces	host-associated	10 weeks	4/3/18	IC		ApoE KO	USA:CA:San Diego	10.0	UBERON:feces	UBERON:feces	UBERON:feces	Adult	Mus musculus	Mouse 161	10090.0	27.3	32.842	-117.258		Mouse 161	UCSDMI	11829.0	stool	mouse gut metagenome	male	410661.0	10 week IH and IC	g	12.0	10.0
11829.A35.139.1	A35_139_1	weeks	A35.139.1	Not applicable	On shelf		A35	4/3/18 12:00	Mouse 139 baseline stool collection 1 of 21	Regular chow	1/22/18	193.0	Host-associated	Animal-associated	Animal distal gut	urban biome	animal-associated habitat	feces	host-associated	10 weeks	4/3/18	Air		ApoE KO	USA:CA:San Diego	10.0	UBERON:feces	UBERON:feces	UBERON:feces	Adult	Mus musculus	Mouse 139	10090.0	26.6	32.842	-117.258		Mouse 139	UCSDMI	11829.0	stool	mouse gut metagenome	male	410661.0	10 week IH and IC	g	12.0	10.0
11829.A40.159.11	A40_159_11	weeks	A40.159.11	47.4	In chamber		A40	5/8/18 11:00	Mouse 159 stool collection 11 of 21	HFD	1/22/18	193.0	Host-associated	Animal-associated	Animal distal gut	urban biome	animal-associated habitat	feces	host-associated	10 weeks	4/3/18	IC		ApoE KO	USA:CA:San Diego	15.0	UBERON:feces	UBERON:feces	UBERON:feces	Adult	Mus musculus	Mouse 159	10090.0	32.9	32.842	-117.258		Mouse 159	UCSDMI	11829.0	stool	mouse gut metagenome	male	410661.0	10 week IH and IC	g	16.0	15.0
11829.A42.169.21	A42_169_21	weeks	A42.169.21	50.9	In chamber		A42	6/12/18 11:00	Mouse 169 stool collection 21 of 21	HFD	1/22/18	193.0	Host-associated	Animal-associated	Animal distal gut	urban biome	animal-associated habitat	feces	host-associated	10 weeks	4/3/18	IC		ApoE KO	USA:CA:San Diego	20.0	UBERON:feces	UBERON:feces	UBERON:feces	Adult	Mus musculus	Mouse 169	10090.0	32	32.842	-117.258		Mouse 169	UCSDMI	11829.0	stool	mouse gut metagenome	male	410661.0	10 week IH and IC	g	20.0	20.0
11829.A45.180.1	A45_180_1	weeks	A45.180.1	Not applicable	On shelf		A45	4/3/18 11:30	Mouse 180 baseline stool collection 1 of 21	HFD	1/22/18	193.0	Host-associated	Animal-associated	Animal distal gut	urban biome	animal-associated habitat	feces	host-associated	10 weeks	4/3/08	Air		ApoE KO	USA:CA:San Diego	10.0	UBERON:feces	UBERON:feces	UBERON:feces	Adult	Mus musculus	Mouse 180	10090.0	27.6	32.842	-117.258		Mouse 180	UCSDMI	11829.0	stool	mouse gut metagenome	male	410661.0	10 week IH and IC	g	12.0	10.0
11829.A34.137.1	A34_137_1	weeks	A34.137.1	Not applicable	On shelf		A34	4/3/18 12:00	Mouse 137 baseline stool collection 1 of 21	Regular chow	1/22/18	193.0	Host-associated	Animal-associated	Animal distal gut	urban biome	animal-associated habitat	feces	host-associated	10 weeks	4/3/18	Air		ApoE KO	USA:CA:San Diego	10.0	UBERON:feces	UBERON:feces	UBERON:feces	Adult	Mus musculus	Mouse 137	10090.0	25.1	32.842	-117.258	Has severe wounds on back and tail	Mouse 137	UCSDMI	11829.0	stool	mouse gut metagenome	male	410661.0	10 week IH and IC	g	12.0	10.0
11829.A43.173.11	A43_173_11	weeks	A43.173.11	44.5	In chamber		A43	5/8/18 11:00	Mouse 173 stool collection 11 of 21	HFD	1/22/18	193.0	Host-associated	Animal-associated	Animal distal gut	urban biome	animal-associated habitat	feces	host-associated	10 weeks	4/3/18	IC		ApoE KO	USA:CA:San Diego	15.0	UBERON:feces	UBERON:feces	UBERON:feces	Adult	Mus musculus	Mouse 173	10090.0	30.8	32.842	-117.258		Mouse 173	UCSDMI	11829.0	stool	mouse gut metagenome	male	410661.0	10 week IH and IC	g	16.0	15.0
11829.A37.148.21	A37_148_21	weeks	A37.148.21	52.7	In chamber		A37	6/12/18 10:00	Mouse 148 stool collection 21 of 21	HFD	1/22/18	193.0	Host-associated	Animal-associated	Animal distal gut	urban biome	animal-associated habitat	feces	host-associated	10 weeks	4/3/18	IH		ApoE KO	USA:CA:San Diego	20.0	UBERON:feces	UBERON:feces	UBERON:feces	Adult	Mus musculus	Mouse 148	10090.0	30.6	32.842	-117.258		Mouse 148	UCSDMI	11829.0	stool	mouse gut metagenome	male	410661.0	10 week IH and IC	g	20.0	20.0
11829.A44.178.21	A44_178_21	weeks	A44.178.21	24.4	On shelf		A44	6/12/18 11:30	Mouse 178 stool collection 21 of 21	HFD	1/22/18	193.0	Host-associated	Animal-associated	Animal distal gut	urban biome	animal-associated habitat	feces	host-associated	10 weeks	4/3/08	Air		ApoE KO	USA:CA:San Diego	20.0	UBERON:feces	UBERON:feces	UBERON:feces	Adult	Mus musculus	Mouse 178	10090.0	28.5	32.842	-117.258		Mouse 178	UCSDMI	11829.0	stool	mouse gut metagenome	male	410661.0	10 week IH and IC	g	20.0	20.0
11829.A44.176.11	A44_176_11	weeks	A44.176.11	40.8	On shelf		A44	5/8/18 11:30	Mouse 176 stool collection 11 of 21	HFD	1/22/18	193.0	Host-associated	Animal-associated	Animal distal gut	urban biome	animal-associated habitat	feces	host-associated	10 weeks	4/3/08	Air		ApoE KO	USA:CA:San Diego	15.0	UBERON:feces	UBERON:feces	UBERON:feces	Adult	Mus musculus	Mouse 176	10090.0	26.4	32.842	-117.258		Mouse 176	UCSDMI	11829.0	stool	mouse gut metagenome	male	410661.0	10 week IH and IC	g	16.0	15.0
11829.A37.149.1	A37_149_1	weeks	A37.149.1	Not applicable	In chamber		A37	4/3/18 10:00	Mouse 149 baseline stool collection 1 of 21	HFD	1/22/18	193.0	Host-associated	Animal-associated	Animal distal gut	urban biome	animal-associated habitat	feces	host-associated	10 weeks	4/3/18	IH		ApoE KO	USA:CA:San Diego	10.0	UBERON:feces	UBERON:feces	UBERON:feces	Adult	Mus musculus	Mouse 149	10090.0	25.3	32.842	-117.258		Mouse 149	UCSDMI	11829.0	stool	mouse gut metagenome	male	410661.0	10 week IH and IC	g	12.0	10.0
11829.A34.138.11	A34_138_11	weeks	A34.138.11	54.8	On shelf		A34	5/8/18 12:00	Mouse 138 stool collection 11 of 21	Regular chow	1/22/18	193.0	Host-associated	Animal-associated	Animal distal gut	urban biome	animal-associated habitat	feces	host-associated	10 weeks	4/3/18	Air		ApoE KO	USA:CA:San Diego	15.0	UBERON:feces	UBERON:feces	UBERON:feces	Adult	Mus musculus	Mouse 138	10090.0	30.4	32.842	-117.258		Mouse 138	UCSDMI	11829.0	stool	mouse gut metagenome	male	410661.0	10 week IH and IC	g	16.0	15.0
11829.A40.162.1	A40_162_1	weeks	A40.162.1	Not applicable	In chamber		A40	4/3/18 11:00	Mouse 162 baseline stool collection 1 of 21	HFD	1/22/18	193.0	Host-associated	Animal-associated	Animal distal gut	urban biome	animal-associated habitat	feces	host-associated	10 weeks	4/3/18	IC		ApoE KO	USA:CA:San Diego	10.0	UBERON:feces	UBERON:feces	UBERON:feces	Adult	Mus musculus	Mouse 162	10090.0	30.2	32.842	-117.258		Mouse 162	UCSDMI	11829.0	stool	mouse gut metagenome	male	410661.0	10 week IH and IC	g	12.0	10.0
11829.A35.140.2	A35_140_2	weeks	A35.140.2	37.2	On shelf	Fighting cage	A35	4/6/18 12:00	Mouse 140 stool collection 2 of 21	Regular chow	1/22/18	193.0	Host-associated	Animal-associated	Animal distal gut	urban biome	animal-associated habitat	feces	host-associated	10 weeks	4/3/18	Air		ApoE KO	USA:CA:San Diego	10.5	UBERON:feces	UBERON:feces	UBERON:feces	Adult	Mus musculus	Mouse 140	10090.0	25.3	32.842	-117.258		Mouse 140	UCSDMI	11829.0	stool	mouse gut metagenome	male	410661.0	10 week IH and IC	g	12.0	10.5
11829.A40.159.21	A40_159_21	weeks	A40.159.21	50	In chamber		A40	6/12/18 11:00	Mouse 159 stool collection 21 of 21	HFD	1/22/18	193.0	Host-associated	Animal-associated	Animal distal gut	urban biome	animal-associated habitat	feces	host-associated	10 weeks	4/3/18	IC		ApoE KO	USA:CA:San Diego	20.0	UBERON:feces	UBERON:feces	UBERON:feces	Adult	Mus musculus	Mouse 159	10090.0	37.3	32.842	-117.258		Mouse 159	UCSDMI	11829.0	stool	mouse gut metagenome	male	410661.0	10 week IH and IC	g	20.0	20.0
11829.A40.162.2	A40_162_2	weeks	A40.162.2	44.8	In chamber		A40	4/6/18 11:00	Mouse 162 stool collection 2 of 21	HFD	1/22/18	193.0	Host-associated	Animal-associated	Animal distal gut	urban biome	animal-associated habitat	feces	host-associated	10 weeks	4/3/18	IC		ApoE KO	USA:CA:San Diego	10.5	UBERON:feces	UBERON:feces	UBERON:feces	Adult	Mus musculus	Mouse 162	10090.0	30.4	32.842	-117.258		Mouse 162	UCSDMI	11829.0	stool	mouse gut metagenome	male	410661.0	10 week IH and IC	g	12.0	10.5
11829.A35.140.1	A35_140_1	weeks	A35.140.1	Not applicable	On shelf		A35	4/3/18 12:00	Mouse 140 baseline stool collection 1 of 21	Regular chow	1/22/18	193.0	Host-associated	Animal-associated	Animal distal gut	urban biome	animal-associated habitat	feces	host-associated	10 weeks	4/3/18	Air		ApoE KO	USA:CA:San Diego	10.0	UBERON:feces	UBERON:feces	UBERON:feces	Adult	Mus musculus	Mouse 140	10090.0	25.2	32.842	-117.258		Mouse 140	UCSDMI	11829.0	stool	mouse gut metagenome	male	410661.0	10 week IH and IC	g	12.0	10.0
11829.A44.178.11	A44_178_11	weeks	A44.178.11	40.8	On shelf		A44	5/8/18 11:30	Mouse 178 stool collection 11 of 21	HFD	1/22/18	193.0	Host-associated	Animal-associated	Animal distal gut	urban biome	animal-associated habitat	feces	host-associated	10 weeks	4/3/08	Air		ApoE KO	USA:CA:San Diego	15.0	UBERON:feces	UBERON:feces	UBERON:feces	Adult	Mus musculus	Mouse 178	10090.0	25.2	32.842	-117.258		Mouse 178	UCSDMI	11829.0	stool	mouse gut metagenome	male	410661.0	10 week IH and IC	g	16.0	15.0
11829.A35.140.21	A35_140_21	weeks	A35.140.21	54.5	On shelf		A35	6/12/18 12:00	Mouse 140 stool collection 21 of 21	Regular chow	1/22/18	193.0	Host-associated	Animal-associated	Animal distal gut	urban biome	animal-associated habitat	feces	host-associated	10 weeks	4/3/18	Air		ApoE KO	USA:CA:San Diego	20.0	UBERON:feces	UBERON:feces	UBERON:feces	Adult	Mus musculus	Mouse 140	10090.0	29.6	32.842	-117.258		Mouse 140	UCSDMI	11829.0	stool	mouse gut metagenome	male	410661.0	10 week IH and IC	g	20.0	20.0
11829.A38.153.11	A38_153_11	weeks	A38.153.11	47.6	In chamber		A38	5/8/18 10:00	Mouse 153 stool collection 11 of 21	HFD	1/22/18	193.0	Host-associated	Animal-associated	Animal distal gut	urban biome	animal-associated habitat	feces	host-associated	10 weeks	4/3/18	IH		ApoE KO	USA:CA:San Diego	15.0	UBERON:feces	UBERON:feces	UBERON:feces	Adult	Mus musculus	Mouse 153	10090.0	31.7	32.842	-117.258		Mouse 153	UCSDMI	11829.0	stool	mouse gut metagenome	male	410661.0	10 week IH and IC	g	16.0	15.0
11829.A34.136.11	A34_136_11	weeks	A34.136.11	54.8	On shelf		A34	5/8/18 12:00	Mouse 136 stool collection 11 of 21	Regular chow	1/22/18	193.0	Host-associated	Animal-associated	Animal distal gut	urban biome	animal-associated habitat	feces	host-associated	10 weeks	4/3/18	Air		ApoE KO	USA:CA:San Diego	15.0	UBERON:feces	UBERON:feces	UBERON:feces	Adult	Mus musculus	Mouse 136	10090.0	30.7	32.842	-117.258		Mouse 136	UCSDMI	11829.0	stool	mouse gut metagenome	male	410661.0	10 week IH and IC	g	16.0	15.0
11829.A45.181.2	A45_181_2	weeks	A45.181.2	44.2	On shelf		A45	4/6/18 11:30	Mouse 181 stool collection 2 of 21	HFD	1/22/18	193.0	Host-associated	Animal-associated	Animal distal gut	urban biome	animal-associated habitat	feces	host-associated	10 weeks	4/3/08	Air		ApoE KO	USA:CA:San Diego	10.5	UBERON:feces	UBERON:feces	UBERON:feces	Adult	Mus musculus	Mouse 181	10090.0	25.4	32.842	-117.258		Mouse 181	UCSDMI	11829.0	stool	mouse gut metagenome	male	410661.0	10 week IH and IC	g	12.0	10.5
11829.A39.156.2	A39_156_2	weeks	A39.156.2	39.1	In chamber		A39	4/6/18 10:00	Mouse 156 stool collection 2 of 21	HFD	1/22/18	193.0	Host-associated	Animal-associated	Animal distal gut	urban biome	animal-associated habitat	feces	host-associated	10 weeks	4/3/18	IH		ApoE KO	USA:CA:San Diego	10.5	UBERON:feces	UBERON:feces	UBERON:feces	Adult	Mus musculus	Mouse 156	10090.0	24.8	32.842	-117.258		Mouse 156	UCSDMI	11829.0	stool	mouse gut metagenome	male	410661.0	10 week IH and IC	g	12.0	10.5
11829.A35.142.11	A35_142_11	weeks	A35.142.11	53.5	On shelf		A35	5/8/18 12:00	Mouse 142 stool collection 11 of 21	Regular chow	1/22/18	193.0	Host-associated	Animal-associated	Animal distal gut	urban biome	animal-associated habitat	feces	host-associated	10 weeks	4/3/18	Air		ApoE KO	USA:CA:San Diego	15.0	UBERON:feces	UBERON:feces	UBERON:feces	Adult	Mus musculus	Mouse 142	10090.0	30.1	32.842	-117.258		Mouse 142	UCSDMI	11829.0	stool	mouse gut metagenome	male	410661.0	10 week IH and IC	g	16.0	15.0
11829.A38.151.21	A38_151_21	weeks	A38.151.21	48.3	In chamber		A38	6/12/18 10:00	Mouse 151 stool collection 21 of 21	HFD	1/22/18	193.0	Host-associated	Animal-associated	Animal distal gut	urban biome	animal-associated habitat	feces	host-associated	10 weeks	4/3/18	IH		ApoE KO	USA:CA:San Diego	20.0	UBERON:feces	UBERON:feces	UBERON:feces	Adult	Mus musculus	Mouse 151	10090.0	30	32.842	-117.258		Mouse 151	UCSDMI	11829.0	stool	mouse gut metagenome	male	410661.0	10 week IH and IC	g	20.0	20.0
11829.A43.172.21	A43_172_21	weeks	A43.172.21	47.3	In chamber		A43	6/12/18 11:00	Mouse 172 stool collection 21 of 21	HFD	1/22/18	193.0	Host-associated	Animal-associated	Animal distal gut	urban biome	animal-associated habitat	feces	host-associated	10 weeks	4/3/18	IC		ApoE KO	USA:CA:San Diego	20.0	UBERON:feces	UBERON:feces	UBERON:feces	Adult	Mus musculus	Mouse 172	10090.0	34	32.842	-117.258		Mouse 172	UCSDMI	11829.0	stool	mouse gut metagenome	male	410661.0	10 week IH and IC	g	20.0	20.0
11829.A41.165.1	A41_165_1	weeks	A41.165.1	Not applicable	In chamber		A41	4/3/18 11:00	Mouse 165 baseline stool collection 1 of 21	HFD	1/22/18	193.0	Host-associated	Animal-associated	Animal distal gut	urban biome	animal-associated habitat	feces	host-associated	10 weeks	4/3/18	IC		ApoE KO	USA:CA:San Diego	10.0	UBERON:feces	UBERON:feces	UBERON:feces	Adult	Mus musculus	Mouse 165	10090.0	28.9	32.842	-117.258		Mouse 165	UCSDMI	11829.0	stool	mouse gut metagenome	male	410661.0	10 week IH and IC	g	12.0	10.0
11829.A38.152.1	A38_152_1	weeks	A38.152.1	Not applicable	In chamber		A38	4/3/18 10:00	Mouse 152 baseline stool collection 1 of 21	HFD	1/22/18	193.0	Host-associated	Animal-associated	Animal distal gut	urban biome	animal-associated habitat	feces	host-associated	10 weeks	4/3/18	IH		ApoE KO	USA:CA:San Diego	10.0	UBERON:feces	UBERON:feces	UBERON:feces	Adult	Mus musculus	Mouse 152	10090.0	30.7	32.842	-117.258		Mouse 152	UCSDMI	11829.0	stool	mouse gut metagenome	male	410661.0	10 week IH and IC	g	12.0	10.0
11829.A36.145.1	A36_145_1	weeks	A36.145.1	Not applicable	In chamber		A36	4/3/18 10:00	Mouse 145 baseline stool collection 1 of 21	HFD	1/22/18	193.0	Host-associated	Animal-associated	Animal distal gut	urban biome	animal-associated habitat	feces	host-associated	10 weeks	4/3/18	IH		ApoE KO	USA:CA:San Diego	10.0	UBERON:feces	UBERON:feces	UBERON:feces	Adult	Mus musculus	Mouse 145	10090.0	25.7	32.842	-117.258		Mouse 145	UCSDMI	11829.0	stool	mouse gut metagenome	male	410661.0	10 week IH and IC	g	12.0	10.0
11829.A39.155.11	A39_155_11	weeks	A39.155.11	50.1	In chamber		A39	5/8/18 10:00	Mouse 155 stool collection 11 of 21	HFD	1/22/18	193.0	Host-associated	Animal-associated	Animal distal gut	urban biome	animal-associated habitat	feces	host-associated	10 weeks	4/3/18	IH		ApoE KO	USA:CA:San Diego	15.0	UBERON:feces	UBERON:feces	UBERON:feces	Adult	Mus musculus	Mouse 155	10090.0	28.8	32.842	-117.258		Mouse 155	UCSDMI	11829.0	stool	mouse gut metagenome	male	410661.0	10 week IH and IC	g	16.0	15.0
11829.A43.172.2	A43_172_2	weeks	A43.172.2	41.5	In chamber		A43	4/6/18 11:00	Mouse 172 stool collection 2 of 21	HFD	1/22/18	193.0	Host-associated	Animal-associated	Animal distal gut	urban biome	animal-associated habitat	feces	host-associated	10 weeks	4/3/18	IC		ApoE KO	USA:CA:San Diego	10.5	UBERON:feces	UBERON:feces	UBERON:feces	Adult	Mus musculus	Mouse 172	10090.0	27.8	32.842	-117.258		Mouse 172	UCSDMI	11829.0	stool	mouse gut metagenome	male	410661.0	10 week IH and IC	g	12.0	10.5
11829.A45.181.21	A45_181_21	weeks	A45.181.21	52.9	On shelf		A45	6/12/18 11:30	Mouse 181 stool collection 21 of 21	HFD	1/22/18	193.0	Host-associated	Animal-associated	Animal distal gut	urban biome	animal-associated habitat	feces	host-associated	10 weeks	4/3/08	Air		ApoE KO	USA:CA:San Diego	20.0	UBERON:feces	UBERON:feces	UBERON:feces	Adult	Mus musculus	Mouse 181	10090.0	33	32.842	-117.258		Mouse 181	UCSDMI	11829.0	stool	mouse gut metagenome	male	410661.0	10 week IH and IC	g	20.0	20.0
11829.A36.145.21	A36_145_21	weeks	A36.145.21	47.7	In chamber		A36	6/12/18 10:00	Mouse 145 stool collection 21 of 21	HFD	1/22/18	193.0	Host-associated	Animal-associated	Animal distal gut	urban biome	animal-associated habitat	feces	host-associated	10 weeks	4/3/18	IH		ApoE KO	USA:CA:San Diego	20.0	UBERON:feces	UBERON:feces	UBERON:feces	Adult	Mus musculus	Mouse 145	10090.0	30	32.842	-117.258	Missing hair around eyes	Mouse 145	UCSDMI	11829.0	stool	mouse gut metagenome	male	410661.0	10 week IH and IC	g	20.0	20.0
11829.A45.179.11	A45_179_11	weeks	A45.179.11	49.4	On shelf		A45	5/8/18 11:30	Mouse 179 stool collection 11 of 21	HFD	1/22/18	193.0	Host-associated	Animal-associated	Animal distal gut	urban biome	animal-associated habitat	feces	host-associated	10 weeks	4/3/08	Air		ApoE KO	USA:CA:San Diego	15.0	UBERON:feces	UBERON:feces	UBERON:feces	Adult	Mus musculus	Mouse 179	10090.0	35.4	32.842	-117.258		Mouse 179	UCSDMI	11829.0	stool	mouse gut metagenome	male	410661.0	10 week IH and IC	g	16.0	15.0
11829.A37.148.11	A37_148_11	weeks	A37.148.11	49.8	In chamber		A37	5/8/18 10:00	Mouse 148 stool collection 11 of 21	HFD	1/22/18	193.0	Host-associated	Animal-associated	Animal distal gut	urban biome	animal-associated habitat	feces	host-associated	10 weeks	4/3/18	IH		ApoE KO	USA:CA:San Diego	15.0	UBERON:feces	UBERON:feces	UBERON:feces	Adult	Mus musculus	Mouse 148	10090.0	28.3	32.842	-117.258		Mouse 148	UCSDMI	11829.0	stool	mouse gut metagenome	male	410661.0	10 week IH and IC	g	16.0	15.0
11829.A39.157.11	A39_157_11	weeks	A39.157.11	50.1	In chamber		A39	5/8/18 10:00	Mouse 157 stool collection 11 of 21	HFD	1/22/18	193.0	Host-associated	Animal-associated	Animal distal gut	urban biome	animal-associated habitat	feces	host-associated	10 weeks	4/3/18	IH		ApoE KO	USA:CA:San Diego	15.0	UBERON:feces	UBERON:feces	UBERON:feces	Adult	Mus musculus	Mouse 157	10090.0	28.3	32.842	-117.258		Mouse 157	UCSDMI	11829.0	stool	mouse gut metagenome	male	410661.0	10 week IH and IC	g	16.0	15.0
11829.A37.150.21	A37_150_21	weeks	A37.150.21	52.7	In chamber		A37	6/12/18 10:00	Mouse 150 stool collection 21 of 21	HFD	1/22/18	193.0	Host-associated	Animal-associated	Animal distal gut	urban biome	animal-associated habitat	feces	host-associated	10 weeks	4/3/18	IH		ApoE KO	USA:CA:San Diego	20.0	UBERON:feces	UBERON:feces	UBERON:feces	Adult	Mus musculus	Mouse 150	10090.0	32.3	32.842	-117.258		Mouse 150	UCSDMI	11829.0	stool	mouse gut metagenome	male	410661.0	10 week IH and IC	g	20.0	20.0
11829.A38.153.2	A38_153_2	weeks	A38.153.2	36.5	In chamber		A38	4/6/18 10:00	Mouse 153 stool collection 2 of 21	HFD	1/22/18	193.0	Host-associated	Animal-associated	Animal distal gut	urban biome	animal-associated habitat	feces	host-associated	10 weeks	4/3/18	IH		ApoE KO	USA:CA:San Diego	10.5	UBERON:feces	UBERON:feces	UBERON:feces	Adult	Mus musculus	Mouse 153	10090.0	29.1	32.842	-117.258		Mouse 153	UCSDMI	11829.0	stool	mouse gut metagenome	male	410661.0	10 week IH and IC	g	12.0	10.5
11829.A40.160.21	A40_160_21	weeks	A40.160.21	50	In chamber		A40	6/12/18 11:00	Mouse 160 stool collection 21 of 21	HFD	1/22/18	193.0	Host-associated	Animal-associated	Animal distal gut	urban biome	animal-associated habitat	feces	host-associated	10 weeks	4/3/18	IC		ApoE KO	USA:CA:San Diego	20.0	UBERON:feces	UBERON:feces	UBERON:feces	Adult	Mus musculus	Mouse 160	10090.0	29.4	32.842	-117.258		Mouse 160	UCSDMI	11829.0	stool	mouse gut metagenome	male	410661.0	10 week IH and IC	g	20.0	20.0
11829.A41.165.21	A41_165_21	weeks	A41.165.21	46.9	In chamber		A41	6/12/18 11:00	Mouse 165 stool collection 21 of 21	HFD	1/22/18	193.0	Host-associated	Animal-associated	Animal distal gut	urban biome	animal-associated habitat	feces	host-associated	10 weeks	4/3/18	IC		ApoE KO	USA:CA:San Diego	20.0	UBERON:feces	UBERON:feces	UBERON:feces	Adult	Mus musculus	Mouse 165	10090.0	36.4	32.842	-117.258		Mouse 165	UCSDMI	11829.0	stool	mouse gut metagenome	male	410661.0	10 week IH and IC	g	20.0	20.0
11829.A45.179.21	A45_179_21	weeks	A45.179.21	52.9	On shelf		A45	6/12/18 11:30	Mouse 179 stool collection 21 of 21	HFD	1/22/18	193.0	Host-associated	Animal-associated	Animal distal gut	urban biome	animal-associated habitat	feces	host-associated	10 weeks	4/3/08	Air		ApoE KO	USA:CA:San Diego	20.0	UBERON:feces	UBERON:feces	UBERON:feces	Adult	Mus musculus	Mouse 179	10090.0	40.6	32.842	-117.258		Mouse 179	UCSDMI	11829.0	stool	mouse gut metagenome	male	410661.0	10 week IH and IC	g	20.0	20.0
11829.A42.170.1	A42_170_1	weeks	A42.170.1	Not applicable	In chamber		A42	4/3/18 11:00	Mouse 170 baseline stool collection 1 of 21	HFD	1/22/18	193.0	Host-associated	Animal-associated	Animal distal gut	urban biome	animal-associated habitat	feces	host-associated	10 weeks	4/3/18	IC		ApoE KO	USA:CA:San Diego	10.0	UBERON:feces	UBERON:feces	UBERON:feces	Adult	Mus musculus	Mouse 170	10090.0	28	32.842	-117.258		Mouse 170	UCSDMI	11829.0	stool	mouse gut metagenome	male	410661.0	10 week IH and IC	g	12.0	10.0
11829.A34.137.2	A34_137_2	weeks	A34.137.2	58.7	On shelf		A34	4/6/18 12:00	Mouse 137 stool collection 2 of 21	Regular chow	1/22/18	193.0	Host-associated	Animal-associated	Animal distal gut	urban biome	animal-associated habitat	feces	host-associated	10 weeks	4/3/18	Air		ApoE KO	USA:CA:San Diego	10.5	UBERON:feces	UBERON:feces	UBERON:feces	Adult	Mus musculus	Mouse 137	10090.0	25.3	32.842	-117.258		Mouse 137	UCSDMI	11829.0	stool	mouse gut metagenome	male	410661.0	10 week IH and IC	g	12.0	10.5
11829.A44.176.1	A44_176_1	weeks	A44.176.1	Not applicable	On shelf		A44	4/3/18 11:30	Mouse 176 baseline stool collection 1 of 21	HFD	1/22/18	193.0	Host-associated	Animal-associated	Animal distal gut	urban biome	animal-associated habitat	feces	host-associated	10 weeks	4/3/08	Air		ApoE KO	USA:CA:San Diego	10.0	UBERON:feces	UBERON:feces	UBERON:feces	Adult	Mus musculus	Mouse 176	10090.0	23.9	32.842	-117.258		Mouse 176	UCSDMI	11829.0	stool	mouse gut metagenome	male	410661.0	10 week IH and IC	g	12.0	10.0
11829.A44.175.1	A44_175_1	weeks	A44.175.1	Not applicable	On shelf		A44	4/3/18 11:30	Mouse 175 baseline stool collection 1 of 21	HFD	1/22/18	193.0	Host-associated	Animal-associated	Animal distal gut	urban biome	animal-associated habitat	feces	host-associated	10 weeks	4/3/08	Air		ApoE KO	USA:CA:San Diego	10.0	UBERON:feces	UBERON:feces	UBERON:feces	Adult	Mus musculus	Mouse 175	10090.0	24.5	32.842	-117.258		Mouse 175	UCSDMI	11829.0	stool	mouse gut metagenome	male	410661.0	10 week IH and IC	g	12.0	10.0
11829.A45.182.11	A45_182_11	weeks	A45.182.11	49.4	On shelf		A45	5/8/18 11:30	Mouse 182 stool collection 11 of 21	HFD	1/22/18	193.0	Host-associated	Animal-associated	Animal distal gut	urban biome	animal-associated habitat	feces	host-associated	10 weeks	4/3/08	Air		ApoE KO	USA:CA:San Diego	15.0	UBERON:feces	UBERON:feces	UBERON:feces	Adult	Mus musculus	Mouse 182	10090.0	34.5	32.842	-117.258		Mouse 182	UCSDMI	11829.0	stool	mouse gut metagenome	male	410661.0	10 week IH and IC	g	16.0	15.0
11829.A45.181.1	A45_181_1	weeks	A45.181.1	Not applicable	On shelf		A45	4/3/18 11:30	Mouse 181 baseline stool collection 1 of 21	HFD	1/22/18	193.0	Host-associated	Animal-associated	Animal distal gut	urban biome	animal-associated habitat	feces	host-associated	10 weeks	4/3/08	Air		ApoE KO	USA:CA:San Diego	10.0	UBERON:feces	UBERON:feces	UBERON:feces	Adult	Mus musculus	Mouse 181	10090.0	25.5	32.842	-117.258		Mouse 181	UCSDMI	11829.0	stool	mouse gut metagenome	male	410661.0	10 week IH and IC	g	12.0	10.0
11829.A38.154.2	A38_154_2	weeks	A38.154.2	36.5	In chamber		A38	4/6/18 10:00	Mouse 154 stool collection 2 of 21	HFD	1/22/18	193.0	Host-associated	Animal-associated	Animal distal gut	urban biome	animal-associated habitat	feces	host-associated	10 weeks	4/3/18	IH		ApoE KO	USA:CA:San Diego	10.5	UBERON:feces	UBERON:feces	UBERON:feces	Adult	Mus musculus	Mouse 154	10090.0	26.1	32.842	-117.258		Mouse 154	UCSDMI	11829.0	stool	mouse gut metagenome	male	410661.0	10 week IH and IC	g	12.0	10.5
11829.A36.143.2	A36_143_2	weeks	A36.143.2	34.4	In chamber		A36	4/6/18 10:00	Mouse 143 stool collection 2 of 21	HFD	1/22/18	193.0	Host-associated	Animal-associated	Animal distal gut	urban biome	animal-associated habitat	feces	host-associated	10 weeks	4/3/18	IH		ApoE KO	USA:CA:San Diego	10.5	UBERON:feces	UBERON:feces	UBERON:feces	Adult	Mus musculus	Mouse 143	10090.0	27.1	32.842	-117.258		Mouse 143	UCSDMI	11829.0	stool	mouse gut metagenome	male	410661.0	10 week IH and IC	g	12.0	10.5
11829.A43.171.2	A43_171_2	weeks	A43.171.2	41.5	In chamber		A43	4/6/18 11:00	Mouse 171 stool collection 2 of 21	HFD	1/22/18	193.0	Host-associated	Animal-associated	Animal distal gut	urban biome	animal-associated habitat	feces	host-associated	10 weeks	4/3/18	IC		ApoE KO	USA:CA:San Diego	10.5	UBERON:feces	UBERON:feces	UBERON:feces	Adult	Mus musculus	Mouse 171	10090.0	29	32.842	-117.258		Mouse 171	UCSDMI	11829.0	stool	mouse gut metagenome	male	410661.0	10 week IH and IC	g	12.0	10.5
11829.A40.161.11	A40_161_11	weeks	A40.161.11	47.4	In chamber		A40	5/8/18 11:00	Mouse 161 stool collection 11 of 21	HFD	1/22/18	193.0	Host-associated	Animal-associated	Animal distal gut	urban biome	animal-associated habitat	feces	host-associated	10 weeks	4/3/18	IC		ApoE KO	USA:CA:San Diego	15.0	UBERON:feces	UBERON:feces	UBERON:feces	Adult	Mus musculus	Mouse 161	10090.0	31.4	32.842	-117.258		Mouse 161	UCSDMI	11829.0	stool	mouse gut metagenome	male	410661.0	10 week IH and IC	g	16.0	15.0
11829.A34.135.2	A34_135_2	weeks	A34.135.2	58.7	On shelf	Now cage 34a	A34a	4/6/18 12:00	Mouse 135 stool collection 2 of 21	Regular chow	1/22/18	193.0	Host-associated	Animal-associated	Animal distal gut	urban biome	animal-associated habitat	feces	host-associated	10 weeks	4/3/18	Air		ApoE KO	USA:CA:San Diego	10.5	UBERON:feces	UBERON:feces	UBERON:feces	Adult	Mus musculus	Mouse 135	10090.0	30.9	32.842	-117.258	Separated from the rest of the cage- very aggressive; now cage 34a	Mouse 135	UCSDMI	11829.0	stool	mouse gut metagenome	male	410661.0	10 week IH and IC	g	12.0	10.5
11829.A43.173.21	A43_173_21	weeks	A43.173.21	47.3	In chamber		A43	6/12/18 11:00	Mouse 173 stool collection 21 of 21	HFD	1/22/18	193.0	Host-associated	Animal-associated	Animal distal gut	urban biome	animal-associated habitat	feces	host-associated	10 weeks	4/3/18	IC		ApoE KO	USA:CA:San Diego	20.0	UBERON:feces	UBERON:feces	UBERON:feces	Adult	Mus musculus	Mouse 173	10090.0	35.1	32.842	-117.258		Mouse 173	UCSDMI	11829.0	stool	mouse gut metagenome	male	410661.0	10 week IH and IC	g	20.0	20.0
11829.A42.168.1	A42_168_1	weeks	A42.168.1	Not applicable	In chamber		A42	4/3/18 11:00	Mouse 168 baseline stool collection 1 of 21	HFD	1/22/18	193.0	Host-associated	Animal-associated	Animal distal gut	urban biome	animal-associated habitat	feces	host-associated	10 weeks	4/3/18	IC		ApoE KO	USA:CA:San Diego	10.0	UBERON:feces	UBERON:feces	UBERON:feces	Adult	Mus musculus	Mouse 168	10090.0	29.4	32.842	-117.258		Mouse 168	UCSDMI	11829.0	stool	mouse gut metagenome	male	410661.0	10 week IH and IC	g	12.0	10.0
11829.A36.144.1	A36_144_1	weeks	A36.144.1	Not applicable	In chamber		A36	4/3/18 10:00	Mouse 144 baseline stool collection 1 of 21	HFD	1/22/18	193.0	Host-associated	Animal-associated	Animal distal gut	urban biome	animal-associated habitat	feces	host-associated	10 weeks	4/3/18	IH		ApoE KO	USA:CA:San Diego	10.0	UBERON:feces	UBERON:feces	UBERON:feces	Adult	Mus musculus	Mouse 144	10090.0	25.6	32.842	-117.258		Mouse 144	UCSDMI	11829.0	stool	mouse gut metagenome	male	410661.0	10 week IH and IC	g	12.0	10.0
11829.A37.149.2	A37_149_2	weeks	A37.149.2	36.5	In chamber		A37	4/6/18 10:00	Mouse 149 stool collection 2 of 21	HFD	1/22/18	193.0	Host-associated	Animal-associated	Animal distal gut	urban biome	animal-associated habitat	feces	host-associated	10 weeks	4/3/18	IH		ApoE KO	USA:CA:San Diego	10.5	UBERON:feces	UBERON:feces	UBERON:feces	Adult	Mus musculus	Mouse 149	10090.0	24.2	32.842	-117.258		Mouse 149	UCSDMI	11829.0	stool	mouse gut metagenome	male	410661.0	10 week IH and IC	g	12.0	10.5
11829.A44.175.2	A44_175_2	weeks	A44.175.2	38	On shelf		A44	4/6/18 11:30	Mouse 175 stool collection 2 of 21	HFD	1/22/18	193.0	Host-associated	Animal-associated	Animal distal gut	urban biome	animal-associated habitat	feces	host-associated	10 weeks	4/3/08	Air		ApoE KO	USA:CA:San Diego	10.5	UBERON:feces	UBERON:feces	UBERON:feces	Adult	Mus musculus	Mouse 175	10090.0	25.2	32.842	-117.258		Mouse 175	UCSDMI	11829.0	stool	mouse gut metagenome	male	410661.0	10 week IH and IC	g	12.0	10.5
11829.A45.180.11	A45_180_11	weeks	A45.180.11	49.4	On shelf		A45	5/8/18 11:30	Mouse 180 stool collection 11 of 21	HFD	1/22/18	193.0	Host-associated	Animal-associated	Animal distal gut	urban biome	animal-associated habitat	feces	host-associated	10 weeks	4/3/08	Air		ApoE KO	USA:CA:San Diego	15.0	UBERON:feces	UBERON:feces	UBERON:feces	Adult	Mus musculus	Mouse 180	10090.0	33.5	32.842	-117.258		Mouse 180	UCSDMI	11829.0	stool	mouse gut metagenome	male	410661.0	10 week IH and IC	g	16.0	15.0
11829.A44.178.1	A44_178_1	weeks	A44.178.1	Not applicable	On shelf		A44	4/3/18 11:30	Mouse 178 baseline stool collection 1 of 21	HFD	1/22/18	193.0	Host-associated	Animal-associated	Animal distal gut	urban biome	animal-associated habitat	feces	host-associated	10 weeks	4/3/08	Air		ApoE KO	USA:CA:San Diego	10.0	UBERON:feces	UBERON:feces	UBERON:feces	Adult	Mus musculus	Mouse 178	10090.0	22.7	32.842	-117.258		Mouse 178	UCSDMI	11829.0	stool	mouse gut metagenome	male	410661.0	10 week IH and IC	g	12.0	10.0
11829.A39.158.2	A39_158_2	weeks	A39.158.2	39.1	In chamber		A39	4/6/18 10:00	Mouse 158 stool collection 2 of 21	HFD	1/22/18	193.0	Host-associated	Animal-associated	Animal distal gut	urban biome	animal-associated habitat	feces	host-associated	10 weeks	4/3/18	IH		ApoE KO	USA:CA:San Diego	10.5	UBERON:feces	UBERON:feces	UBERON:feces	Adult	Mus musculus	Mouse 158	10090.0	25	32.842	-117.258		Mouse 158	UCSDMI	11829.0	stool	mouse gut metagenome	male	410661.0	10 week IH and IC	g	12.0	10.5
11829.A34.136.1	A34_136_1	weeks	A34.136.1	Not applicable	On shelf		A34	4/3/18 12:00	Mouse 136 baseline stool collection 1 of 21	Regular chow	1/22/18	193.0	Host-associated	Animal-associated	Animal distal gut	urban biome	animal-associated habitat	feces	host-associated	10 weeks	4/3/18	Air		ApoE KO	USA:CA:San Diego	10.0	UBERON:feces	UBERON:feces	UBERON:feces	Adult	Mus musculus	Mouse 136	10090.0	27	32.842	-117.258	Has severe wounds on back and tail	Mouse 136	UCSDMI	11829.0	stool	mouse gut metagenome	male	410661.0	10 week IH and IC	g	12.0	10.0
11829.A44.176.2	A44_176_2	weeks	A44.176.2	38	On shelf		A44	4/6/18 11:30	Mouse 176 stool collection 2 of 21	HFD	1/22/18	193.0	Host-associated	Animal-associated	Animal distal gut	urban biome	animal-associated habitat	feces	host-associated	10 weeks	4/3/08	Air		ApoE KO	USA:CA:San Diego	10.5	UBERON:feces	UBERON:feces	UBERON:feces	Adult	Mus musculus	Mouse 176	10090.0	24	32.842	-117.258		Mouse 176	UCSDMI	11829.0	stool	mouse gut metagenome	male	410661.0	10 week IH and IC	g	12.0	10.5
11829.A43.174.1	A43_174_1	weeks	A43.174.1	Not applicable	In chamber		A43	4/3/18 11:00	Mouse 174 baseline stool collection 1 of 21	HFD	1/22/18	193.0	Host-associated	Animal-associated	Animal distal gut	urban biome	animal-associated habitat	feces	host-associated	10 weeks	4/3/18	IC		ApoE KO	USA:CA:San Diego	10.0	UBERON:feces	UBERON:feces	UBERON:feces	Adult	Mus musculus	Mouse 174	10090.0	26.4	32.842	-117.258		Mouse 174	UCSDMI	11829.0	stool	mouse gut metagenome	male	410661.0	10 week IH and IC	g	12.0	10.0
11829.A40.161.2	A40_161_2	weeks	A40.161.2	44.8	In chamber		A40	4/6/18 11:00	Mouse 161 stool collection 2 of 21	HFD	1/22/18	193.0	Host-associated	Animal-associated	Animal distal gut	urban biome	animal-associated habitat	feces	host-associated	10 weeks	4/3/18	IC		ApoE KO	USA:CA:San Diego	10.5	UBERON:feces	UBERON:feces	UBERON:feces	Adult	Mus musculus	Mouse 161	10090.0	28.3	32.842	-117.258		Mouse 161	UCSDMI	11829.0	stool	mouse gut metagenome	male	410661.0	10 week IH and IC	g	12.0	10.5
11829.A44.178.2	A44_178_2	weeks	A44.178.2	38	On shelf		A44	4/6/18 11:30	Mouse 178 stool collection 2 of 21	HFD	1/22/18	193.0	Host-associated	Animal-associated	Animal distal gut	urban biome	animal-associated habitat	feces	host-associated	10 weeks	4/3/08	Air		ApoE KO	USA:CA:San Diego	10.5	UBERON:feces	UBERON:feces	UBERON:feces	Adult	Mus musculus	Mouse 178	10090.0	23	32.842	-117.258		Mouse 178	UCSDMI	11829.0	stool	mouse gut metagenome	male	410661.0	10 week IH and IC	g	12.0	10.5
11829.A40.159.1	A40_159_1	weeks	A40.159.1	Not applicable	In chamber		A40	4/3/18 11:00	Mouse 159 baseline stool collection 1 of 21	HFD	1/22/18	193.0	Host-associated	Animal-associated	Animal distal gut	urban biome	animal-associated habitat	feces	host-associated	10 weeks	4/3/18	IC		ApoE KO	USA:CA:San Diego	10.0	UBERON:feces	UBERON:feces	UBERON:feces	Adult	Mus musculus	Mouse 159	10090.0	27.5	32.842	-117.258		Mouse 159	UCSDMI	11829.0	stool	mouse gut metagenome	male	410661.0	10 week IH and IC	g	12.0	10.0
11829.A43.171.11	A43_171_11	weeks	A43.171.11	44.5	In chamber		A43	5/8/18 11:00	Mouse 171 stool collection 11 of 21	HFD	1/22/18	193.0	Host-associated	Animal-associated	Animal distal gut	urban biome	animal-associated habitat	feces	host-associated	10 weeks	4/3/18	IC		ApoE KO	USA:CA:San Diego	15.0	UBERON:feces	UBERON:feces	UBERON:feces	Adult	Mus musculus	Mouse 171	10090.0	31.1	32.842	-117.258		Mouse 171	UCSDMI	11829.0	stool	mouse gut metagenome	male	410661.0	10 week IH and IC	g	16.0	15.0
11829.A44.177.1	A44_177_1	weeks	A44.177.1	Not applicable	On shelf		A44	4/3/18 11:30	Mouse 177 baseline stool collection 1 of 21	HFD	1/22/18	193.0	Host-associated	Animal-associated	Animal distal gut	urban biome	animal-associated habitat	feces	host-associated	10 weeks	4/3/08	Air		ApoE KO	USA:CA:San Diego	10.0	UBERON:feces	UBERON:feces	UBERON:feces	Adult	Mus musculus	Mouse 177	10090.0	26.3	32.842	-117.258		Mouse 177	UCSDMI	11829.0	stool	mouse gut metagenome	male	410661.0	10 week IH and IC	g	12.0	10.0
11829.A44.177.2	A44_177_2	weeks	A44.177.2	38	On shelf		A44	4/6/18 11:30	Mouse 177 stool collection 2 of 21	HFD	1/22/18	193.0	Host-associated	Animal-associated	Animal distal gut	urban biome	animal-associated habitat	feces	host-associated	10 weeks	4/3/08	Air		ApoE KO	USA:CA:San Diego	10.5	UBERON:feces	UBERON:feces	UBERON:feces	Adult	Mus musculus	Mouse 177	10090.0	27.3	32.842	-117.258		Mouse 177	UCSDMI	11829.0	stool	mouse gut metagenome	male	410661.0	10 week IH and IC	g	12.0	10.5
11829.A41.163.21	A41_163_21	weeks	A41.163.21	46.9	In chamber		A41	6/12/18 11:00	Mouse 163 stool collection 21 of 21	HFD	1/22/18	193.0	Host-associated	Animal-associated	Animal distal gut	urban biome	animal-associated habitat	feces	host-associated	10 weeks	4/3/18	IC		ApoE KO	USA:CA:San Diego	20.0	UBERON:feces	UBERON:feces	UBERON:feces	Adult	Mus musculus	Mouse 163	10090.0	27.5	32.842	-117.258		Mouse 163	UCSDMI	11829.0	stool	mouse gut metagenome	male	410661.0	10 week IH and IC	g	20.0	20.0
11829.A41.163.11	A41_163_11	weeks	A41.163.11	44.4	In chamber		A41	5/8/18 11:00	Mouse 163 stool collection 11 of 21	HFD	1/22/18	193.0	Host-associated	Animal-associated	Animal distal gut	urban biome	animal-associated habitat	feces	host-associated	10 weeks	4/3/18	IC		ApoE KO	USA:CA:San Diego	15.0	UBERON:feces	UBERON:feces	UBERON:feces	Adult	Mus musculus	Mouse 163	10090.0	25.3	32.842	-117.258		Mouse 163	UCSDMI	11829.0	stool	mouse gut metagenome	male	410661.0	10 week IH and IC	g	16.0	15.0
11829.A45.182.2	A45_182_2	weeks	A45.182.2	44.2	On shelf		A45	4/6/18 11:30	Mouse 182 stool collection 2 of 21	HFD	1/22/18	193.0	Host-associated	Animal-associated	Animal distal gut	urban biome	animal-associated habitat	feces	host-associated	10 weeks	4/3/08	Air		ApoE KO	USA:CA:San Diego	10.5	UBERON:feces	UBERON:feces	UBERON:feces	Adult	Mus musculus	Mouse 182	10090.0	29.1	32.842	-117.258		Mouse 182	UCSDMI	11829.0	stool	mouse gut metagenome	male	410661.0	10 week IH and IC	g	12.0	10.5
11829.A37.149.21	A37_149_21	weeks	A37.149.21	52.7	In chamber		A37	6/12/18 10:00	Mouse 149 stool collection 21 of 21	HFD	1/22/18	193.0	Host-associated	Animal-associated	Animal distal gut	urban biome	animal-associated habitat	feces	host-associated	10 weeks	4/3/18	IH		ApoE KO	USA:CA:San Diego	20.0	UBERON:feces	UBERON:feces	UBERON:feces	Adult	Mus musculus	Mouse 149	10090.0	28.9	32.842	-117.258		Mouse 149	UCSDMI	11829.0	stool	mouse gut metagenome	male	410661.0	10 week IH and IC	g	20.0	20.0
11829.A42.167.1	A42_167_1	weeks	A42.167.1	Not applicable	In chamber		A42	4/3/18 11:00	Mouse 167 baseline stool collection 1 of 21	HFD	1/22/18	193.0	Host-associated	Animal-associated	Animal distal gut	urban biome	animal-associated habitat	feces	host-associated	10 weeks	4/3/18	IC		ApoE KO	USA:CA:San Diego	10.0	UBERON:feces	UBERON:feces	UBERON:feces	Adult	Mus musculus	Mouse 167	10090.0	27.1	32.842	-117.258		Mouse 167	UCSDMI	11829.0	stool	mouse gut metagenome	male	410661.0	10 week IH and IC	g	12.0	10.0
11829.A37.147.2	A37_147_2	weeks	A37.147.2	36.5	In chamber		A37	4/6/18 10:00	Mouse 147 stool collection 2 of 21	HFD	1/22/18	193.0	Host-associated	Animal-associated	Animal distal gut	urban biome	animal-associated habitat	feces	host-associated	10 weeks	4/3/18	IH		ApoE KO	USA:CA:San Diego	10.5	UBERON:feces	UBERON:feces	UBERON:feces	Adult	Mus musculus	Mouse 147	10090.0	25.8	32.842	-117.258		Mouse 147	UCSDMI	11829.0	stool	mouse gut metagenome	male	410661.0	10 week IH and IC	g	12.0	10.5
11829.A36.146.21	A36_146_21	weeks	A36.146.21	47.7	In chamber		A36	6/12/18 10:00	Mouse 146 stool collection 21 of 21	HFD	1/22/18	193.0	Host-associated	Animal-associated	Animal distal gut	urban biome	animal-associated habitat	feces	host-associated	10 weeks	4/3/18	IH		ApoE KO	USA:CA:San Diego	20.0	UBERON:feces	UBERON:feces	UBERON:feces	Adult	Mus musculus	Mouse 146	10090.0	28.5	32.842	-117.258	Missing hair around eyes	Mouse 146	UCSDMI	11829.0	stool	mouse gut metagenome	male	410661.0	10 week IH and IC	g	20.0	20.0
11829.A39.157.1	A39_157_1	weeks	A39.157.1	Not applicable	In chamber		A39	4/3/18 10:00	Mouse 157 baseline stool collection 1 of 21	HFD	1/22/18	193.0	Host-associated	Animal-associated	Animal distal gut	urban biome	animal-associated habitat	feces	host-associated	10 weeks	4/3/18	IH		ApoE KO	USA:CA:San Diego	10.0	UBERON:feces	UBERON:feces	UBERON:feces	Adult	Mus musculus	Mouse 157	10090.0	25.6	32.842	-117.258		Mouse 157	UCSDMI	11829.0	stool	mouse gut metagenome	male	410661.0	10 week IH and IC	g	12.0	10.0
11829.A41.164.2	A41_164_2	weeks	A41.164.2	41.8	In chamber		A41	4/6/18 11:00	Mouse 164 stool collection 2 of 21	HFD	1/22/18	193.0	Host-associated	Animal-associated	Animal distal gut	urban biome	animal-associated habitat	feces	host-associated	10 weeks	4/3/18	IC		ApoE KO	USA:CA:San Diego	10.5	UBERON:feces	UBERON:feces	UBERON:feces	Adult	Mus musculus	Mouse 164	10090.0	26.4	32.842	-117.258		Mouse 164	UCSDMI	11829.0	stool	mouse gut metagenome	male	410661.0	10 week IH and IC	g	12.0	10.5
11829.A42.169.2	A42_169_2	weeks	A42.169.2	40.8	In chamber		A42	4/6/18 11:00	Mouse 169 stool collection 2 of 21	HFD	1/22/18	193.0	Host-associated	Animal-associated	Animal distal gut	urban biome	animal-associated habitat	feces	host-associated	10 weeks	4/3/18	IC		ApoE KO	USA:CA:San Diego	10.5	UBERON:feces	UBERON:feces	UBERON:feces	Adult	Mus musculus	Mouse 169	10090.0	26.9	32.842	-117.258		Mouse 169	UCSDMI	11829.0	stool	mouse gut metagenome	male	410661.0	10 week IH and IC	g	12.0	10.5
11829.A43.174.21	A43_174_21	weeks	A43.174.21	47.3	In chamber		A43	6/12/18 11:00	Mouse 174 stool collection 21 of 21	HFD	1/22/18	193.0	Host-associated	Animal-associated	Animal distal gut	urban biome	animal-associated habitat	feces	host-associated	10 weeks	4/3/18	IC		ApoE KO	USA:CA:San Diego	20.0	UBERON:feces	UBERON:feces	UBERON:feces	Adult	Mus musculus	Mouse 174	10090.0	33.1	32.842	-117.258		Mouse 174	UCSDMI	11829.0	stool	mouse gut metagenome	male	410661.0	10 week IH and IC	g	20.0	20.0
11829.A42.170.11	A42_170_11	weeks	A42.170.11	48.2	In chamber		A42	5/8/18 11:00	Mouse 170 stool collection 11 of 21	HFD	1/22/18	193.0	Host-associated	Animal-associated	Animal distal gut	urban biome	animal-associated habitat	feces	host-associated	10 weeks	4/3/18	IC		ApoE KO	USA:CA:San Diego	15.0	UBERON:feces	UBERON:feces	UBERON:feces	Adult	Mus musculus	Mouse 170	10090.0	30	32.842	-117.258		Mouse 170	UCSDMI	11829.0	stool	mouse gut metagenome	male	410661.0	10 week IH and IC	g	16.0	15.0
11829.A44.175.11	A44_175_11	weeks	A44.175.11	40.8	On shelf		A44	5/8/18 11:30	Mouse 175 stool collection 11 of 21	HFD	1/22/18	193.0	Host-associated	Animal-associated	Animal distal gut	urban biome	animal-associated habitat	feces	host-associated	10 weeks	4/3/08	Air		ApoE KO	USA:CA:San Diego	15.0	UBERON:feces	UBERON:feces	UBERON:feces	Adult	Mus musculus	Mouse 175	10090.0	28.7	32.842	-117.258		Mouse 175	UCSDMI	11829.0	stool	mouse gut metagenome	male	410661.0	10 week IH and IC	g	16.0	15.0
11829.A45.179.2	A45_179_2	weeks	A45.179.2	44.2	On shelf		A45	4/6/18 11:30	Mouse 179 stool collection 2 of 21	HFD	1/22/18	193.0	Host-associated	Animal-associated	Animal distal gut	urban biome	animal-associated habitat	feces	host-associated	10 weeks	4/3/08	Air		ApoE KO	USA:CA:San Diego	10.5	UBERON:feces	UBERON:feces	UBERON:feces	Adult	Mus musculus	Mouse 179	10090.0	32.8	32.842	-117.258	Losing hair	Mouse 179	UCSDMI	11829.0	stool	mouse gut metagenome	male	410661.0	10 week IH and IC	g	12.0	10.5
11829.A34.137.11	A34_137_11	weeks	A34.137.11	54.8	On shelf		A34	5/8/18 12:00	Mouse 137 stool collection 11 of 21	Regular chow	1/22/18	193.0	Host-associated	Animal-associated	Animal distal gut	urban biome	animal-associated habitat	feces	host-associated	10 weeks	4/3/18	Air		ApoE KO	USA:CA:San Diego	15.0	UBERON:feces	UBERON:feces	UBERON:feces	Adult	Mus musculus	Mouse 137	10090.0	28.1	32.842	-117.258		Mouse 137	UCSDMI	11829.0	stool	mouse gut metagenome	male	410661.0	10 week IH and IC	g	16.0	15.0
11829.A35.139.11	A35_139_11	weeks	A35.139.11	53.5	On shelf		A35	5/8/18 12:00	Mouse 139 stool collection 11 of 21	Regular chow	1/22/18	193.0	Host-associated	Animal-associated	Animal distal gut	urban biome	animal-associated habitat	feces	host-associated	10 weeks	4/3/18	Air		ApoE KO	USA:CA:San Diego	15.0	UBERON:feces	UBERON:feces	UBERON:feces	Adult	Mus musculus	Mouse 139	10090.0	29.6	32.842	-117.258		Mouse 139	UCSDMI	11829.0	stool	mouse gut metagenome	male	410661.0	10 week IH and IC	g	16.0	15.0
11829.A37.150.11	A37_150_11	weeks	A37.150.11	49.8	In chamber		A37	5/8/18 10:00	Mouse 150 stool collection 11 of 21	HFD	1/22/18	193.0	Host-associated	Animal-associated	Animal distal gut	urban biome	animal-associated habitat	feces	host-associated	10 weeks	4/3/18	IH		ApoE KO	USA:CA:San Diego	15.0	UBERON:feces	UBERON:feces	UBERON:feces	Adult	Mus musculus	Mouse 150	10090.0	28.9	32.842	-117.258		Mouse 150	UCSDMI	11829.0	stool	mouse gut metagenome	male	410661.0	10 week IH and IC	g	16.0	15.0
11829.A39.158.11	A39_158_11	weeks	A39.158.11	50.1	In chamber		A39	5/8/18 10:00	Mouse 158 stool collection 11 of 21	HFD	1/22/18	193.0	Host-associated	Animal-associated	Animal distal gut	urban biome	animal-associated habitat	feces	host-associated	10 weeks	4/3/18	IH		ApoE KO	USA:CA:San Diego	15.0	UBERON:feces	UBERON:feces	UBERON:feces	Adult	Mus musculus	Mouse 158	10090.0	28.6	32.842	-117.258		Mouse 158	UCSDMI	11829.0	stool	mouse gut metagenome	male	410661.0	10 week IH and IC	g	16.0	15.0
11829.A42.167.11	A42_167_11	weeks	A42.167.11	48.2	In chamber		A42	5/8/18 11:00	Mouse 167 stool collection 11 of 21	HFD	1/22/18	193.0	Host-associated	Animal-associated	Animal distal gut	urban biome	animal-associated habitat	feces	host-associated	10 weeks	4/3/18	IC		ApoE KO	USA:CA:San Diego	15.0	UBERON:feces	UBERON:feces	UBERON:feces	Adult	Mus musculus	Mouse 167	10090.0	29.9	32.842	-117.258		Mouse 167	UCSDMI	11829.0	stool	mouse gut metagenome	male	410661.0	10 week IH and IC	g	16.0	15.0
11829.A45.180.21	A45_180_21	weeks	A45.180.21	52.9	On shelf		A45	6/12/18 11:30	Mouse 180 stool collection 21 of 21	HFD	1/22/18	193.0	Host-associated	Animal-associated	Animal distal gut	urban biome	animal-associated habitat	feces	host-associated	10 weeks	4/3/08	Air		ApoE KO	USA:CA:San Diego	20.0	UBERON:feces	UBERON:feces	UBERON:feces	Adult	Mus musculus	Mouse 180	10090.0	37	32.842	-117.258		Mouse 180	UCSDMI	11829.0	stool	mouse gut metagenome	male	410661.0	10 week IH and IC	g	20.0	20.0
11829.A45.179.1	A45_179_1	weeks	A45.179.1	Not applicable	On shelf		A45	4/3/18 11:30	Mouse 179 baseline stool collection 1 of 21	HFD	1/22/18	193.0	Host-associated	Animal-associated	Animal distal gut	urban biome	animal-associated habitat	feces	host-associated	10 weeks	4/3/08	Air		ApoE KO	USA:CA:San Diego	10.0	UBERON:feces	UBERON:feces	UBERON:feces	Adult	Mus musculus	Mouse 179	10090.0	31	32.842	-117.258		Mouse 179	UCSDMI	11829.0	stool	mouse gut metagenome	male	410661.0	10 week IH and IC	g	12.0	10.0
11829.A42.167.2	A42_167_2	weeks	A42.167.2	40.8	In chamber		A42	4/6/18 11:00	Mouse 167 stool collection 2 of 21	HFD	1/22/18	193.0	Host-associated	Animal-associated	Animal distal gut	urban biome	animal-associated habitat	feces	host-associated	10 weeks	4/3/18	IC		ApoE KO	USA:CA:San Diego	10.5	UBERON:feces	UBERON:feces	UBERON:feces	Adult	Mus musculus	Mouse 167	10090.0	27.2	32.842	-117.258		Mouse 167	UCSDMI	11829.0	stool	mouse gut metagenome	male	410661.0	10 week IH and IC	g	12.0	10.5
11829.A34.136.2	A34_136_2	weeks	A34.136.2	58.7	On shelf		A34	4/6/18 12:00	Mouse 136 stool collection 2 of 21	Regular chow	1/22/18	193.0	Host-associated	Animal-associated	Animal distal gut	urban biome	animal-associated habitat	feces	host-associated	10 weeks	4/3/18	Air		ApoE KO	USA:CA:San Diego	10.5	UBERON:feces	UBERON:feces	UBERON:feces	Adult	Mus musculus	Mouse 136	10090.0	27	32.842	-117.258		Mouse 136	UCSDMI	11829.0	stool	mouse gut metagenome	male	410661.0	10 week IH and IC	g	12.0	10.5
11829.A36.145.11	A36_145_11	weeks	A36.145.11	42.7	In chamber		A36	5/8/18 10:00	Mouse 145 stool collection 11 of 21	HFD	1/22/18	193.0	Host-associated	Animal-associated	Animal distal gut	urban biome	animal-associated habitat	feces	host-associated	10 weeks	4/3/18	IH		ApoE KO	USA:CA:San Diego	15.0	UBERON:feces	UBERON:feces	UBERON:feces	Adult	Mus musculus	Mouse 145	10090.0	27.4	32.842	-117.258		Mouse 145	UCSDMI	11829.0	stool	mouse gut metagenome	male	410661.0	10 week IH and IC	g	16.0	15.0
11829.A42.168.11	A42_168_11	weeks	A42.168.11	48.2	In chamber		A42	5/8/18 11:00	Mouse 168 stool collection 11 of 21	HFD	1/22/18	193.0	Host-associated	Animal-associated	Animal distal gut	urban biome	animal-associated habitat	feces	host-associated	10 weeks	4/3/18	IC		ApoE KO	USA:CA:San Diego	15.0	UBERON:feces	UBERON:feces	UBERON:feces	Adult	Mus musculus	Mouse 168	10090.0	32.4	32.842	-117.258		Mouse 168	UCSDMI	11829.0	stool	mouse gut metagenome	male	410661.0	10 week IH and IC	g	16.0	15.0
11829.A38.152.21	A38_152_21	weeks	A38.152.21	48.3	In chamber		A38	6/12/18 10:00	Mouse 152 stool collection 21 of 21	HFD	1/22/18	193.0	Host-associated	Animal-associated	Animal distal gut	urban biome	animal-associated habitat	feces	host-associated	10 weeks	4/3/18	IH		ApoE KO	USA:CA:San Diego	20.0	UBERON:feces	UBERON:feces	UBERON:feces	Adult	Mus musculus	Mouse 152	10090.0	33.5	32.842	-117.258		Mouse 152	UCSDMI	11829.0	stool	mouse gut metagenome	male	410661.0	10 week IH and IC	g	20.0	20.0
11829.A36.144.11	A36_144_11	weeks	A36.144.11	42.7	In chamber		A36	5/8/18 10:00	Mouse 144 stool collection 11 of 21	HFD	1/22/18	193.0	Host-associated	Animal-associated	Animal distal gut	urban biome	animal-associated habitat	feces	host-associated	10 weeks	4/3/18	IH		ApoE KO	USA:CA:San Diego	15.0	UBERON:feces	UBERON:feces	UBERON:feces	Adult	Mus musculus	Mouse 144	10090.0	27.1	32.842	-117.258		Mouse 144	UCSDMI	11829.0	stool	mouse gut metagenome	male	410661.0	10 week IH and IC	g	16.0	15.0
11829.A43.171.1	A43_171_1	weeks	A43.171.1	Not applicable	In chamber		A43	4/3/18 11:00	Mouse 171 baseline stool collection 1 of 21	HFD	1/22/18	193.0	Host-associated	Animal-associated	Animal distal gut	urban biome	animal-associated habitat	feces	host-associated	10 weeks	4/3/18	IC		ApoE KO	USA:CA:San Diego	10.0	UBERON:feces	UBERON:feces	UBERON:feces	Adult	Mus musculus	Mouse 171	10090.0	28.6	32.842	-117.258		Mouse 171	UCSDMI	11829.0	stool	mouse gut metagenome	male	410661.0	10 week IH and IC	g	12.0	10.0
11829.A41.164.21	A41_164_21	weeks	A41.164.21	46.9	In chamber		A41	6/12/18 11:00	Mouse 164 stool collection 21 of 21	HFD	1/22/18	193.0	Host-associated	Animal-associated	Animal distal gut	urban biome	animal-associated habitat	feces	host-associated	10 weeks	4/3/18	IC		ApoE KO	USA:CA:San Diego	20.0	UBERON:feces	UBERON:feces	UBERON:feces	Adult	Mus musculus	Mouse 164	10090.0	32.2	32.842	-117.258		Mouse 164	UCSDMI	11829.0	stool	mouse gut metagenome	male	410661.0	10 week IH and IC	g	20.0	20.0
11829.A36.146.11	A36_146_11	weeks	A36.146.11	42.7	In chamber		A36	5/8/18 10:00	Mouse 146 stool collection 11 of 21	HFD	1/22/18	193.0	Host-associated	Animal-associated	Animal distal gut	urban biome	animal-associated habitat	feces	host-associated	10 weeks	4/3/18	IH		ApoE KO	USA:CA:San Diego	15.0	UBERON:feces	UBERON:feces	UBERON:feces	Adult	Mus musculus	Mouse 146	10090.0	25.3	32.842	-117.258		Mouse 146	UCSDMI	11829.0	stool	mouse gut metagenome	male	410661.0	10 week IH and IC	g	16.0	15.0
11829.A39.156.1	A39_156_1	weeks	A39.156.1	Not applicable	In chamber		A39	4/3/18 10:00	Mouse 156 baseline stool collection 1 of 21	HFD	1/22/18	193.0	Host-associated	Animal-associated	Animal distal gut	urban biome	animal-associated habitat	feces	host-associated	10 weeks	4/3/18	IH		ApoE KO	USA:CA:San Diego	10.0	UBERON:feces	UBERON:feces	UBERON:feces	Adult	Mus musculus	Mouse 156	10090.0	25.6	32.842	-117.258	Losing hair	Mouse 156	UCSDMI	11829.0	stool	mouse gut metagenome	male	410661.0	10 week IH and IC	g	12.0	10.0
11829.A39.157.2	A39_157_2	weeks	A39.157.2	39.1	In chamber		A39	4/6/18 10:00	Mouse 157 stool collection 2 of 21	HFD	1/22/18	193.0	Host-associated	Animal-associated	Animal distal gut	urban biome	animal-associated habitat	feces	host-associated	10 weeks	4/3/18	IH		ApoE KO	USA:CA:San Diego	10.5	UBERON:feces	UBERON:feces	UBERON:feces	Adult	Mus musculus	Mouse 157	10090.0	25.1	32.842	-117.258		Mouse 157	UCSDMI	11829.0	stool	mouse gut metagenome	male	410661.0	10 week IH and IC	g	12.0	10.5
11829.A34.137.21	A34_137_21	weeks	A34.137.21	57.1	On shelf		A34	6/12/18 12:00	Mouse 137 stool collection 21 of 21	Regular chow	1/22/18	193.0	Host-associated	Animal-associated	Animal distal gut	urban biome	animal-associated habitat	feces	host-associated	10 weeks	4/3/18	Air		ApoE KO	USA:CA:San Diego	20.0	UBERON:feces	UBERON:feces	UBERON:feces	Adult	Mus musculus	Mouse 137	10090.0	30	32.842	-117.258		Mouse 137	UCSDMI	11829.0	stool	mouse gut metagenome	male	410661.0	10 week IH and IC	g	20.0	20.0
11829.A39.156.11	A39_156_11	weeks	A39.156.11	50.1	In chamber		A39	5/8/18 10:00	Mouse 156 stool collection 11 of 21	HFD	1/22/18	193.0	Host-associated	Animal-associated	Animal distal gut	urban biome	animal-associated habitat	feces	host-associated	10 weeks	4/3/18	IH		ApoE KO	USA:CA:San Diego	15.0	UBERON:feces	UBERON:feces	UBERON:feces	Adult	Mus musculus	Mouse 156	10090.0	27.3	32.842	-117.258		Mouse 156	UCSDMI	11829.0	stool	mouse gut metagenome	male	410661.0	10 week IH and IC	g	16.0	15.0
11829.A39.158.1	A39_158_1	weeks	A39.158.1	Not applicable	In chamber		A39	4/3/18 10:00	Mouse 158 baseline stool collection 1 of 21	HFD	1/22/18	193.0	Host-associated	Animal-associated	Animal distal gut	urban biome	animal-associated habitat	feces	host-associated	10 weeks	4/3/18	IH		ApoE KO	USA:CA:San Diego	10.0	UBERON:feces	UBERON:feces	UBERON:feces	Adult	Mus musculus	Mouse 158	10090.0	25.5	32.842	-117.258		Mouse 158	UCSDMI	11829.0	stool	mouse gut metagenome	male	410661.0	10 week IH and IC	g	12.0	10.0
11829.A39.158.21	A39_158_21	weeks	A39.158.21	57.1	In chamber		A39	6/12/18 10:00	Mouse 158 stool collection 21 of 21	HFD	1/22/18	193.0	Host-associated	Animal-associated	Animal distal gut	urban biome	animal-associated habitat	feces	host-associated	10 weeks	4/3/18	IH		ApoE KO	USA:CA:San Diego	20.0	UBERON:feces	UBERON:feces	UBERON:feces	Adult	Mus musculus	Mouse 158	10090.0	31.2	32.842	-117.258		Mouse 158	UCSDMI	11829.0	stool	mouse gut metagenome	male	410661.0	10 week IH and IC	g	20.0	20.0
11829.A38.151.2	A38_151_2	weeks	A38.151.2	36.5	In chamber		A38	4/6/18 10:00	Mouse 151 stool collection 2 of 21	HFD	1/22/18	193.0	Host-associated	Animal-associated	Animal distal gut	urban biome	animal-associated habitat	feces	host-associated	10 weeks	4/3/18	IH		ApoE KO	USA:CA:San Diego	10.5	UBERON:feces	UBERON:feces	UBERON:feces	Adult	Mus musculus	Mouse 151	10090.0	25.8	32.842	-117.258		Mouse 151	UCSDMI	11829.0	stool	mouse gut metagenome	male	410661.0	10 week IH and IC	g	12.0	10.5
11829.A39.155.2	A39_155_2	weeks	A39.155.2	39.1	In chamber		A39	4/6/18 10:00	Mouse 155 stool collection 2 of 21	HFD	1/22/18	193.0	Host-associated	Animal-associated	Animal distal gut	urban biome	animal-associated habitat	feces	host-associated	10 weeks	4/3/18	IH		ApoE KO	USA:CA:San Diego	10.5	UBERON:feces	UBERON:feces	UBERON:feces	Adult	Mus musculus	Mouse 155	10090.0	26	32.842	-117.258		Mouse 155	UCSDMI	11829.0	stool	mouse gut metagenome	male	410661.0	10 week IH and IC	g	12.0	10.5
11829.A42.169.1	A42_169_1	weeks	A42.169.1	Not applicable	In chamber		A42	4/3/18 11:00	Mouse 169 baseline stool collection 1 of 21	HFD	1/22/18	193.0	Host-associated	Animal-associated	Animal distal gut	urban biome	animal-associated habitat	feces	host-associated	10 weeks	4/3/18	IC		ApoE KO	USA:CA:San Diego	10.0	UBERON:feces	UBERON:feces	UBERON:feces	Adult	Mus musculus	Mouse 169	10090.0	26.9	32.842	-117.258		Mouse 169	UCSDMI	11829.0	stool	mouse gut metagenome	male	410661.0	10 week IH and IC	g	12.0	10.0
11829.A43.173.2	A43_173_2	weeks	A43.173.2	41.5	In chamber		A43	4/6/18 11:00	Mouse 173 stool collection 2 of 21	HFD	1/22/18	193.0	Host-associated	Animal-associated	Animal distal gut	urban biome	animal-associated habitat	feces	host-associated	10 weeks	4/3/18	IC		ApoE KO	USA:CA:San Diego	10.5	UBERON:feces	UBERON:feces	UBERON:feces	Adult	Mus musculus	Mouse 173	10090.0	26.8	32.842	-117.258		Mouse 173	UCSDMI	11829.0	stool	mouse gut metagenome	male	410661.0	10 week IH and IC	g	12.0	10.5
11829.A36.144.21	A36_144_21	weeks	A36.144.21	47.7	In chamber		A36	6/12/18 10:00	Mouse 144 stool collection 21 of 21	HFD	1/22/18	193.0	Host-associated	Animal-associated	Animal distal gut	urban biome	animal-associated habitat	feces	host-associated	10 weeks	4/3/18	IH		ApoE KO	USA:CA:San Diego	20.0	UBERON:feces	UBERON:feces	UBERON:feces	Adult	Mus musculus	Mouse 144	10090.0	32	32.842	-117.258	Missing hair around eyes	Mouse 144	UCSDMI	11829.0	stool	mouse gut metagenome	male	410661.0	10 week IH and IC	g	20.0	20.0
11829.A38.153.21	A38_153_21	weeks	A38.153.21	48.3	In chamber		A38	6/12/18 10:00	Mouse 153 stool collection 21 of 21	HFD	1/22/18	193.0	Host-associated	Animal-associated	Animal distal gut	urban biome	animal-associated habitat	feces	host-associated	10 weeks	4/3/18	IH		ApoE KO	USA:CA:San Diego	20.0	UBERON:feces	UBERON:feces	UBERON:feces	Adult	Mus musculus	Mouse 153	10090.0	32.8	32.842	-117.258		Mouse 153	UCSDMI	11829.0	stool	mouse gut metagenome	male	410661.0	10 week IH and IC	g	20.0	20.0
11829.A40.159.2	A40_159_2	weeks	A40.159.2	44.8	In chamber		A40	4/6/18 11:00	Mouse 159 stool collection 2 of 21	HFD	1/22/18	193.0	Host-associated	Animal-associated	Animal distal gut	urban biome	animal-associated habitat	feces	host-associated	10 weeks	4/3/18	IC		ApoE KO	USA:CA:San Diego	10.5	UBERON:feces	UBERON:feces	UBERON:feces	Adult	Mus musculus	Mouse 159	10090.0	27.8	32.842	-117.258		Mouse 159	UCSDMI	11829.0	stool	mouse gut metagenome	male	410661.0	10 week IH and IC	g	12.0	10.5
11829.A38.153.1	A38_153_1	weeks	A38.153.1	Not applicable	In chamber		A38	4/3/18 10:00	Mouse 153 baseline stool collection 1 of 21	HFD	1/22/18	193.0	Host-associated	Animal-associated	Animal distal gut	urban biome	animal-associated habitat	feces	host-associated	10 weeks	4/3/18	IH		ApoE KO	USA:CA:San Diego	10.0	UBERON:feces	UBERON:feces	UBERON:feces	Adult	Mus musculus	Mouse 153	10090.0	30.2	32.842	-117.258		Mouse 153	UCSDMI	11829.0	stool	mouse gut metagenome	male	410661.0	10 week IH and IC	g	12.0	10.0
11829.A40.160.1	A40_160_1	weeks	A40.160.1	Not applicable	In chamber		A40	4/3/18 11:00	Mouse 160 baseline stool collection 1 of 21	HFD	1/22/18	193.0	Host-associated	Animal-associated	Animal distal gut	urban biome	animal-associated habitat	feces	host-associated	10 weeks	4/3/18	IC		ApoE KO	USA:CA:San Diego	10.0	UBERON:feces	UBERON:feces	UBERON:feces	Adult	Mus musculus	Mouse 160	10090.0	26	32.842	-117.258		Mouse 160	UCSDMI	11829.0	stool	mouse gut metagenome	male	410661.0	10 week IH and IC	g	12.0	10.0
11829.A36.146.1	A36_146_1	weeks	A36.146.1	Not applicable	In chamber		A36	4/3/18 10:00	Mouse 146 baseline stool collection 1 of 21	HFD	1/22/18	193.0	Host-associated	Animal-associated	Animal distal gut	urban biome	animal-associated habitat	feces	host-associated	10 weeks	4/3/18	IH		ApoE KO	USA:CA:San Diego	10.0	UBERON:feces	UBERON:feces	UBERON:feces	Adult	Mus musculus	Mouse 146	10090.0	24.5	32.842	-117.258		Mouse 146	UCSDMI	11829.0	stool	mouse gut metagenome	male	410661.0	10 week IH and IC	g	12.0	10.0
11829.A43.172.1	A43_172_1	weeks	A43.172.1	Not applicable	In chamber		A43	4/3/18 11:00	Mouse 172 baseline stool collection 1 of 21	HFD	1/22/18	193.0	Host-associated	Animal-associated	Animal distal gut	urban biome	animal-associated habitat	feces	host-associated	10 weeks	4/3/18	IC		ApoE KO	USA:CA:San Diego	10.0	UBERON:feces	UBERON:feces	UBERON:feces	Adult	Mus musculus	Mouse 172	10090.0	27.8	32.842	-117.258		Mouse 172	UCSDMI	11829.0	stool	mouse gut metagenome	male	410661.0	10 week IH and IC	g	12.0	10.0
11829.A40.162.21	A40_162_21	weeks	A40.162.21	50	In chamber		A40	6/12/18 11:00	Mouse 162 stool collection 21 of 21	HFD	1/22/18	193.0	Host-associated	Animal-associated	Animal distal gut	urban biome	animal-associated habitat	feces	host-associated	10 weeks	4/3/18	IC		ApoE KO	USA:CA:San Diego	20.0	UBERON:feces	UBERON:feces	UBERON:feces	Adult	Mus musculus	Mouse 162	10090.0	37.7	32.842	-117.258		Mouse 162	UCSDMI	11829.0	stool	mouse gut metagenome	male	410661.0	10 week IH and IC	g	20.0	20.0
11829.A42.169.11	A42_169_11	weeks	A42.169.11	48.2	In chamber		A42	5/8/18 11:00	Mouse 169 stool collection 11 of 21	HFD	1/22/18	193.0	Host-associated	Animal-associated	Animal distal gut	urban biome	animal-associated habitat	feces	host-associated	10 weeks	4/3/18	IC		ApoE KO	USA:CA:San Diego	15.0	UBERON:feces	UBERON:feces	UBERON:feces	Adult	Mus musculus	Mouse 169	10090.0	29.6	32.842	-117.258		Mouse 169	UCSDMI	11829.0	stool	mouse gut metagenome	male	410661.0	10 week IH and IC	g	16.0	15.0
11829.A34.135.21	A34_135_21	weeks	A34.135.21	24.4	On shelf		A34a	6/12/18 12:00	Mouse 135 stool collection 21 of 21	Regular chow	1/22/18	193.0	Host-associated	Animal-associated	Animal distal gut	urban biome	animal-associated habitat	feces	host-associated	10 weeks	4/3/18	Air		ApoE KO	USA:CA:San Diego	20.0	UBERON:feces	UBERON:feces	UBERON:feces	Adult	Mus musculus	Mouse 135	10090.0	34.4	32.842	-117.258		Mouse 135	UCSDMI	11829.0	stool	mouse gut metagenome	male	410661.0	10 week IH and IC	g	20.0	20.0
11829.A36.146.2	A36_146_2	weeks	A36.146.2	34.4	In chamber		A36	4/6/18 10:00	Mouse 146 stool collection 2 of 21	HFD	1/22/18	193.0	Host-associated	Animal-associated	Animal distal gut	urban biome	animal-associated habitat	feces	host-associated	10 weeks	4/3/18	IH		ApoE KO	USA:CA:San Diego	10.5	UBERON:feces	UBERON:feces	UBERON:feces	Adult	Mus musculus	Mouse 146	10090.0	23.4	32.842	-117.258		Mouse 146	UCSDMI	11829.0	stool	mouse gut metagenome	male	410661.0	10 week IH and IC	g	12.0	10.5
11829.A41.166.1	A41_166_1	weeks	A41.166.1	Not applicable	In chamber		A41	4/3/18 11:00	Mouse 166 baseline stool collection 1 of 21	HFD	1/22/18	193.0	Host-associated	Animal-associated	Animal distal gut	urban biome	animal-associated habitat	feces	host-associated	10 weeks	4/3/18	IC		ApoE KO	USA:CA:San Diego	10.0	UBERON:feces	UBERON:feces	UBERON:feces	Adult	Mus musculus	Mouse 166	10090.0	26.8	32.842	-117.258		Mouse 166	UCSDMI	11829.0	stool	mouse gut metagenome	male	410661.0	10 week IH and IC	g	12.0	10.0
11829.A36.143.21	A36_143_21	weeks	A36.143.21	47.7	In chamber		A36	6/12/18 10:00	Mouse 143 stool collection 21 of 21	HFD	1/22/18	193.0	Host-associated	Animal-associated	Animal distal gut	urban biome	animal-associated habitat	feces	host-associated	10 weeks	4/3/18	IH		ApoE KO	USA:CA:San Diego	20.0	UBERON:feces	UBERON:feces	UBERON:feces	Adult	Mus musculus	Mouse 143	10090.0	32.9	32.842	-117.258	Missing hair around eyes	Mouse 143	UCSDMI	11829.0	stool	mouse gut metagenome	male	410661.0	10 week IH and IC	g	20.0	20.0
11829.A36.145.2	A36_145_2	weeks	A36.145.2	34.4	In chamber		A36	4/6/18 10:00	Mouse 145 stool collection 2 of 21	HFD	1/22/18	193.0	Host-associated	Animal-associated	Animal distal gut	urban biome	animal-associated habitat	feces	host-associated	10 weeks	4/3/18	IH		ApoE KO	USA:CA:San Diego	10.5	UBERON:feces	UBERON:feces	UBERON:feces	Adult	Mus musculus	Mouse 145	10090.0	25.3	32.842	-117.258		Mouse 145	UCSDMI	11829.0	stool	mouse gut metagenome	male	410661.0	10 week IH and IC	g	12.0	10.5
11829.A37.148.1	A37_148_1	weeks	A37.148.1	Not applicable	In chamber		A37	4/3/18 10:00	Mouse 148 baseline stool collection 1 of 21	HFD	1/22/18	193.0	Host-associated	Animal-associated	Animal distal gut	urban biome	animal-associated habitat	feces	host-associated	10 weeks	4/3/18	IH		ApoE KO	USA:CA:San Diego	10.0	UBERON:feces	UBERON:feces	UBERON:feces	Adult	Mus musculus	Mouse 148	10090.0	27.2	32.842	-117.258		Mouse 148	UCSDMI	11829.0	stool	mouse gut metagenome	male	410661.0	10 week IH and IC	g	12.0	10.0
11829.A41.164.11	A41_164_11	weeks	A41.164.11	44.4	In chamber		A41	5/8/18 11:00	Mouse 164 stool collection 11 of 21	HFD	1/22/18	193.0	Host-associated	Animal-associated	Animal distal gut	urban biome	animal-associated habitat	feces	host-associated	10 weeks	4/3/18	IC		ApoE KO	USA:CA:San Diego	15.0	UBERON:feces	UBERON:feces	UBERON:feces	Adult	Mus musculus	Mouse 164	10090.0	29.8	32.842	-117.258		Mouse 164	UCSDMI	11829.0	stool	mouse gut metagenome	male	410661.0	10 week IH and IC	g	16.0	15.0
11829.A43.174.2	A43_174_2	weeks	A43.174.2	41.5	In chamber		A43	4/6/18 11:00	Mouse 174 stool collection 2 of 21	HFD	1/22/18	193.0	Host-associated	Animal-associated	Animal distal gut	urban biome	animal-associated habitat	feces	host-associated	10 weeks	4/3/18	IC		ApoE KO	USA:CA:San Diego	10.5	UBERON:feces	UBERON:feces	UBERON:feces	Adult	Mus musculus	Mouse 174	10090.0	26.8	32.842	-117.258		Mouse 174	UCSDMI	11829.0	stool	mouse gut metagenome	male	410661.0	10 week IH and IC	g	12.0	10.5
11829.A37.147.21	A37_147_21	weeks	A37.147.21	52.7	In chamber		A37	6/12/18 10:00	Mouse 147 stool collection 21 of 21	HFD	1/22/18	193.0	Host-associated	Animal-associated	Animal distal gut	urban biome	animal-associated habitat	feces	host-associated	10 weeks	4/3/18	IH		ApoE KO	USA:CA:San Diego	20.0	UBERON:feces	UBERON:feces	UBERON:feces	Adult	Mus musculus	Mouse 147	10090.0	31.7	32.842	-117.258		Mouse 147	UCSDMI	11829.0	stool	mouse gut metagenome	male	410661.0	10 week IH and IC	g	20.0	20.0
11829.A42.170.2	A42_170_2	weeks	A42.170.2	40.8	In chamber		A42	4/6/18 11:00	Mouse 170 stool collection 2 of 21	HFD	1/22/18	193.0	Host-associated	Animal-associated	Animal distal gut	urban biome	animal-associated habitat	feces	host-associated	10 weeks	4/3/18	IC		ApoE KO	USA:CA:San Diego	10.5	UBERON:feces	UBERON:feces	UBERON:feces	Adult	Mus musculus	Mouse 170	10090.0	27.7	32.842	-117.258		Mouse 170	UCSDMI	11829.0	stool	mouse gut metagenome	male	410661.0	10 week IH and IC	g	12.0	10.5
11829.A43.172.11	A43_172_11	weeks	A43.172.11	44.5	In chamber		A43	5/8/18 11:00	Mouse 172 stool collection 11 of 21	HFD	1/22/18	193.0	Host-associated	Animal-associated	Animal distal gut	urban biome	animal-associated habitat	feces	host-associated	10 weeks	4/3/18	IC		ApoE KO	USA:CA:San Diego	15.0	UBERON:feces	UBERON:feces	UBERON:feces	Adult	Mus musculus	Mouse 172	10090.0	31	32.842	-117.258		Mouse 172	UCSDMI	11829.0	stool	mouse gut metagenome	male	410661.0	10 week IH and IC	g	16.0	15.0
11829.A38.152.11	A38_152_11	weeks	A38.152.11	47.6	In chamber		A38	5/8/18 10:00	Mouse 152 stool collection 11 of 21	HFD	1/22/18	193.0	Host-associated	Animal-associated	Animal distal gut	urban biome	animal-associated habitat	feces	host-associated	10 weeks	4/3/18	IH		ApoE KO	USA:CA:San Diego	15.0	UBERON:feces	UBERON:feces	UBERON:feces	Adult	Mus musculus	Mouse 152	10090.0	31.8	32.842	-117.258		Mouse 152	UCSDMI	11829.0	stool	mouse gut metagenome	male	410661.0	10 week IH and IC	g	16.0	15.0
11829.A34.138.21	A34_138_21	weeks	A34.138.21	57.1	On shelf		A34	6/12/18 12:00	Mouse 138 stool collection 21 of 21	Regular chow	1/22/18	193.0	Host-associated	Animal-associated	Animal distal gut	urban biome	animal-associated habitat	feces	host-associated	10 weeks	4/3/18	Air		ApoE KO	USA:CA:San Diego	20.0	UBERON:feces	UBERON:feces	UBERON:feces	Adult	Mus musculus	Mouse 138	10090.0	33.6	32.842	-117.258		Mouse 138	UCSDMI	11829.0	stool	mouse gut metagenome	male	410661.0	10 week IH and IC	g	20.0	20.0
11829.A35.139.2	A35_139_2	weeks	A35.139.2	37.2	On shelf	Fighting cage	A35	4/6/18 12:00	Mouse 139 stool collection 2 of 21	Regular chow	1/22/18	193.0	Host-associated	Animal-associated	Animal distal gut	urban biome	animal-associated habitat	feces	host-associated	10 weeks	4/3/18	Air		ApoE KO	USA:CA:San Diego	10.5	UBERON:feces	UBERON:feces	UBERON:feces	Adult	Mus musculus	Mouse 139	10090.0	26.9	32.842	-117.258		Mouse 139	UCSDMI	11829.0	stool	mouse gut metagenome	male	410661.0	10 week IH and IC	g	12.0	10.5
11829.A42.168.2	A42_168_2	weeks	A42.168.2	40.8	In chamber		A42	4/6/18 11:00	Mouse 168 stool collection 2 of 21	HFD	1/22/18	193.0	Host-associated	Animal-associated	Animal distal gut	urban biome	animal-associated habitat	feces	host-associated	10 weeks	4/3/18	IC		ApoE KO	USA:CA:San Diego	10.5	UBERON:feces	UBERON:feces	UBERON:feces	Adult	Mus musculus	Mouse 168	10090.0	30.5	32.842	-117.258		Mouse 168	UCSDMI	11829.0	stool	mouse gut metagenome	male	410661.0	10 week IH and IC	g	12.0	10.5
11829.A34.135.11	A34_135_11	weeks	A34.135.11	23.9	On shelf		A34a	5/8/18 12:00	Mouse 135 stool collection 11 of 21	Regular chow	1/22/18	193.0	Host-associated	Animal-associated	Animal distal gut	urban biome	animal-associated habitat	feces	host-associated	10 weeks	4/3/18	Air		ApoE KO	USA:CA:San Diego	15.0	UBERON:feces	UBERON:feces	UBERON:feces	Adult	Mus musculus	Mouse 135	10090.0	32.4	32.842	-117.258		Mouse 135	UCSDMI	11829.0	stool	mouse gut metagenome	male	410661.0	10 week IH and IC	g	16.0	15.0
11829.A35.142.2	A35_142_2	weeks	A35.142.2	37.2	On shelf	Fighting cage	A35	4/6/18 12:00	Mouse 142 stool collection 2 of 21	Regular chow	1/22/18	193.0	Host-associated	Animal-associated	Animal distal gut	urban biome	animal-associated habitat	feces	host-associated	10 weeks	4/3/18	Air		ApoE KO	USA:CA:San Diego	10.5	UBERON:feces	UBERON:feces	UBERON:feces	Adult	Mus musculus	Mouse 142	10090.0	27.2	32.842	-117.258		Mouse 142	UCSDMI	11829.0	stool	mouse gut metagenome	male	410661.0	10 week IH and IC	g	12.0	10.5
11829.A40.161.21	A40_161_21	weeks	A40.161.21	50	In chamber		A40	6/12/18 11:00	Mouse 161 stool collection 21 of 21	HFD	1/22/18	193.0	Host-associated	Animal-associated	Animal distal gut	urban biome	animal-associated habitat	feces	host-associated	10 weeks	4/3/18	IC		ApoE KO	USA:CA:San Diego	20.0	UBERON:feces	UBERON:feces	UBERON:feces	Adult	Mus musculus	Mouse 161	10090.0	32.8	32.842	-117.258		Mouse 161	UCSDMI	11829.0	stool	mouse gut metagenome	male	410661.0	10 week IH and IC	g	20.0	20.0
11829.A42.170.21	A42_170_21	weeks	A42.170.21	50.9	In chamber		A42	6/12/18 11:00	Mouse 170 stool collection 21 of 21	HFD	1/22/18	193.0	Host-associated	Animal-associated	Animal distal gut	urban biome	animal-associated habitat	feces	host-associated	10 weeks	4/3/18	IC		ApoE KO	USA:CA:San Diego	20.0	UBERON:feces	UBERON:feces	UBERON:feces	Adult	Mus musculus	Mouse 170	10090.0	33	32.842	-117.258		Mouse 170	UCSDMI	11829.0	stool	mouse gut metagenome	male	410661.0	10 week IH and IC	g	20.0	20.0
11829.A34.136.21	A34_136_21	weeks	A34.136.21	57.1	On shelf		A34	6/12/18 12:00	Mouse 136 stool collection 21 of 21	Regular chow	1/22/18	193.0	Host-associated	Animal-associated	Animal distal gut	urban biome	animal-associated habitat	feces	host-associated	10 weeks	4/3/18	Air		ApoE KO	USA:CA:San Diego	20.0	UBERON:feces	UBERON:feces	UBERON:feces	Adult	Mus musculus	Mouse 136	10090.0	33.5	32.842	-117.258		Mouse 136	UCSDMI	11829.0	stool	mouse gut metagenome	male	410661.0	10 week IH and IC	g	20.0	20.0
11829.A36.143.1	A36_143_1	weeks	A36.143.1	Not applicable	In chamber		A36	4/3/18 10:00	Mouse 143 baseline stool collection 1 of 21	HFD	1/22/18	193.0	Host-associated	Animal-associated	Animal distal gut	urban biome	animal-associated habitat	feces	host-associated	10 weeks	4/3/18	IH		ApoE KO	USA:CA:San Diego	10.0	UBERON:feces	UBERON:feces	UBERON:feces	Adult	Mus musculus	Mouse 143	10090.0	28.4	32.842	-117.258		Mouse 143	UCSDMI	11829.0	stool	mouse gut metagenome	male	410661.0	10 week IH and IC	g	12.0	10.0
11829.A41.163.1	A41_163_1	weeks	A41.163.1	Not applicable	In chamber		A41	4/3/18 11:00	Mouse 163 baseline stool collection 1 of 21	HFD	1/22/18	193.0	Host-associated	Animal-associated	Animal distal gut	urban biome	animal-associated habitat	feces	host-associated	10 weeks	4/3/18	IC		ApoE KO	USA:CA:San Diego	10.0	UBERON:feces	UBERON:feces	UBERON:feces	Adult	Mus musculus	Mouse 163	10090.0	25	32.842	-117.258		Mouse 163	UCSDMI	11829.0	stool	mouse gut metagenome	male	410661.0	10 week IH and IC	g	12.0	10.0
